review_id,review,rating,date,bank,source
0a0f79ea64b223d107b887def3e93b70,I like this mobile banking app very much. Overall user interface and navigation is awesome. But it lacks instant response when someone deposit or withdraw money.,2,2025-06-07,Dashen Bank,Google Play
bc5b8f6236150f7b9b4014f4a2fd5360,Massive upgrade from the Amole app.,5,2025-05-31,Dashen Bank,Google Play
d042d907352845dc7962bb7d498ddda8,very good for this app,5,2025-05-31,Dashen Bank,Google Play
0dc082289913d85dffd3cecd59750b1d,this app better than Amole . but the biometric on new update doesn't work,4,2025-05-31,Dashen Bank,Google Play
58cffeee64be5609235c4a6247480f8e,wow to it saff and this app,5,2025-05-30,Dashen Bank,Google Play
4ee9e0cfb95e218730f6b6ba5cc02aca,it too slow,3,2025-05-29,Dashen Bank,Google Play
9e34bd2e0b594d3d9f8a300f03c02612,·ã≥·àΩ·äï ·â£·äï·ä≠ ·ã≠·àà·ã´·àç,4,2025-05-28,Dashen Bank,Google Play
1bafb57bce7122ca72f4214488088bf2,real life changer,5,2025-05-28,Dashen Bank,Google Play
f4b5602e59a65abfb8f6a76ab4d7ab5a,nice application,5,2025-05-27,Dashen Bank,Google Play
a7eba5417077e53d13def14ec8ff5bf7,useless app ever loading take long,1,2025-05-27,Dashen Bank,Google Play
f03bcdd2235000510a6c0edd7637aee6,"Game changer app! Dashen Bank Super App is fast, secure, and easy to use. The three-click payment makes sending money super quick, and the QR code payment is perfect for cashless shopping. I also love the biometric login and easy airtime and bill payments. Everything I need is in one place. Dashen Bank has really raised the bar for digital banking in Ethiopia. Highly recommended!",5,2025-05-26,Dashen Bank,Google Play
9934f0c7e623545472e0f1828e2e84ec,very useful App,1,2025-05-26,Dashen Bank,Google Play
90489543541346dab658fdee9a654510,"Simple, robust features? Yes, please! But the endless loading screen killed the fun‚ÄîI couldn‚Äôt use it for days. Fix the glitch, and I‚Äôll yeet a higher rating!",2,2025-05-26,Dashen Bank,Google Play
809f509218c04cb448afdc7994a821df,it is good but some times says duplicate transaction why?,5,2025-05-24,Dashen Bank,Google Play
97c22a128a909dc4914ea182f825acf2,it is not as good as to the other mobile bank app.,1,2025-05-22,Dashen Bank,Google Play
ed727b548d217fdb89989e4f60049d58,"The best of best is now arrived **Empowering Your Financial Freedom** ""Experience seamless banking at your fingertips with Dashen Bank. Empowering your financial freedom, anytime, anywhere!"" **Innovation Meets Convenience** ""Dashen Bank Mobile Banking: Where innovation meets convenience. **Secure and Reliable** ""Bank with confidence",5,2025-05-22,Dashen Bank,Google Play
f4455332c406282aafc02c9f2838e03e,Nothing is changed in the updated version. You have been collecting comments but where is the feed back you improved in this version. superapp is mot functioning today.,4,2025-05-20,Dashen Bank,Google Play
4f563c7388a39492a9ba8db5ab879f6c,The best app ever in finance sector,5,2025-05-18,Dashen Bank,Google Play
397132b6fc4a22f4ceec1230bdb3eeb3,Its good app than other compitators but it confuse when we transfer it needs OTP and PIN most user inter their pin instead of OTP we know the litrecy level of our society so if it is device based i dont know the needs of OTP so please try to fix,3,2025-05-18,Dashen Bank,Google Play
d77a4a65348ad8923671ad44b94b49ad,dashen bank or dashen super app?,1,2025-05-17,Dashen Bank,Google Play
51d9cee3d914edbf5494b80dd1d286e4,wowwwe app,5,2025-05-17,Dashen Bank,Google Play
df638caefc61b095fc4060c6e4a2f200,"Transferring to other bank accounts is a hastle and inconvenient .Get used to seeing "" please try again """,2,2025-05-17,Dashen Bank,Google Play
479b08def0a405952929cba7846d9128,always lagging,1,2025-05-16,Dashen Bank,Google Play
9d823e2bdcecbd7bd97d8f5a1d2a0ea2,Amazing Application...,5,2025-05-16,Dashen Bank,Google Play
ff9faa4ba9c6d2b181e846149c9da3de,"Dashen bank app is very good, but sometimes it is not working well",5,2025-05-15,Dashen Bank,Google Play
66777e33742fba29d9ef9452aa3eae0c,its my choice,5,2025-05-15,Dashen Bank,Google Play
08d0a719cdee2f203921128b0b805713,awesome app keep going,5,2025-05-14,Dashen Bank,Google Play
e96f904fd959c88217c40b71df9f686a,"It grows ethiopian digital banking step ahead.All fetures in one,simple fast and convince.",5,2025-05-14,Dashen Bank,Google Play
be081fe7236a98751fb35125e782fb49,Game changer,5,2025-05-13,Dashen Bank,Google Play
460d0037460b6248ce32b8ffa34a2f4c,Totally amazing,5,2025-05-13,Dashen Bank,Google Play
5fa58e91fa902a41b6044ed80323a8bc,what a helpful app!!!!,5,2025-05-13,Dashen Bank,Google Play
c733348026ea620b00ff69845d08247c,"To be honest, best banking and lifestyle app in Ethiopia.",5,2025-05-12,Dashen Bank,Google Play
55a6582b53f20177c473b43fbae1e922,"A must have, seamless, all in one digital platform ""DB Superapp""! Keep living your motto ""Always one step ahead""",5,2025-05-12,Dashen Bank,Google Play
8f1b6fe1b1593d2e44e8bbf026e78e04,"This App makes digital banking effortless and convenient. User-friendly interface, secure transactions, and excellent features for managing finances efficiently.",4,2025-05-10,Dashen Bank,Google Play
96bb6151727388ebd016c42c581d0a91,Amazing app super easy to use and best design. loved it.,5,2025-05-09,Dashen Bank,Google Play
931f2b1e7906235515aa6cc37de39955,its the best ever,5,2025-05-09,Dashen Bank,Google Play
e4e2ea6b60fd239c461b2c17172ed0d3,excellent game changer App,5,2025-05-08,Dashen Bank,Google Play
7b5912c5d05900375054a8835a4143db,I am highly excited by using this application and it is the most favorable as well as preferrable mobile app.,5,2025-05-03,Dashen Bank,Google Play
d606f005f7e3de737118300bdc70f9da,it seems me logging out within minutes,1,2025-05-03,Dashen Bank,Google Play
e9cebb6c4f442d188b9db4063acd1908,nice app especially GUI and I have got some error when you send within dashen bank the receipter is not get SMS notification,4,2025-05-03,Dashen Bank,Google Play
475e4ecf95fd877dd32cb08da6a13f44,yes i want dashen super open,5,2025-05-02,Dashen Bank,Google Play
65e073991fd032622893b68a33a3cba4,faster than this version,5,2025-05-01,Dashen Bank,Google Play
60922205ea27389c9966d8f33f8936c4,"Best UI mobile banking app, props to design team",5,2025-04-30,Dashen Bank,Google Play
510f9ef3197a61582387245904765d54,Dashen bank always one step ahead,5,2025-04-30,Dashen Bank,Google Play
938c42edaf3d7245685d2581043c4f3a,dashen super app is secure band very easy,5,2025-04-29,Dashen Bank,Google Play
0ef801ba9a9b48fe608bd64b7c2f4dbb,It is very fast and secured mobile banking app! I like this app!,5,2025-04-29,Dashen Bank,Google Play
2967c918cc2e518bd7c71e9ab4bbb500,best app I have ever seen,5,2025-04-29,Dashen Bank,Google Play
55a07aca99f5484582a9eb3b74a20a60,best of best,5,2025-04-29,Dashen Bank,Google Play
c542b2fc7c1d6f6c41f1b4586a0776fd,Its slow when i try to see the Recent Transaction and stucked,1,2025-04-28,Dashen Bank,Google Play
17a06f421c9a5b0b7b9d3cddf64c7dfb,wowslnwoooo wowwww amazing !!!!!!!!,5,2025-04-28,Dashen Bank,Google Play
fdc52d187a8b9d2a0ad274d06ce64e67,why do i have to change a pin number i use my finger print so dummy,1,2025-04-27,Dashen Bank,Google Play
cf54eef375afb366dbbc3c55edf7ef6c,"It is very slow and it lacks many features to be a super app. High rating is given by their employees, not by the customers.",1,2025-04-25,Dashen Bank,Google Play
118cd0e6f2089cd048b12ec2edac16dd,"Smooth and secure experience transfers, bill payments, and tracking expenses are all effortless. The intuitive design makes banking on the go.",5,2025-04-24,Dashen Bank,Google Play
95a390a7f8b81ef93ee7d69dfea93c27,Very easy and Fast.,5,2025-04-24,Dashen Bank,Google Play
2163749ce64df54efdf9577d7484357c,Incomparably user-friendly and fast app for mobile banking.,5,2025-04-24,Dashen Bank,Google Play
34a1ea9d345c9f1e1db354a8fad4903d,"there is nothing super about this app, repeatedly failed transaction and wastes customer valuable time. if you have to do system upgrade do it at a time when there is less traffic demand. your Technical difficulty should not be reflected on customer.",2,2025-04-24,Dashen Bank,Google Play
008768756639283cdb417bd05736500e,execellent,5,2025-04-24,Dashen Bank,Google Play
e30caf3ad58038611fff50380614b3bb,"This super app is a total game-changer‚Äîfast, reliable, and packed with everything I need in one place. It‚Äôs seamless and super convenient. Love it!""",5,2025-04-23,Dashen Bank,Google Play
8b87913796ee6f8d724f2384db0a49a9,All in One ‚úçÔ∏èsecure ‚úçÔ∏èreliable ‚úçÔ∏èconvenient. Digital banking game changer!!,5,2025-04-23,Dashen Bank,Google Play
9ce10cd1d8210f9ce32c089af03a39ce,it is incredible product.,5,2025-04-23,Dashen Bank,Google Play
6c4443a7d6fe57110d40caedc3f7da72,"I'm really impressed with this app! It‚Äôs user-friendly, runs smoothly, and has all the features I need. Makes my tasks so much easier and saves me a lot of time. Highly recommended!",5,2025-04-23,Dashen Bank,Google Play
183389a9ce5129f9437ab2c19e168b3b,"It's an amazing app, experience it!!",5,2025-04-23,Dashen Bank,Google Play
7898581b5e4a080a8d03ab2fb546668b,This is the best banking app ever. I recommend everyone to use it.,5,2025-04-23,Dashen Bank,Google Play
99a6162461b60cced7fe8d79d141c97f,It is the best application!!!,5,2025-04-22,Dashen Bank,Google Play
61974e02bf9c62b069b94b812ce11b13,"Exceptional digital experience, SupperApp will bring new paradigm shift in the banking business. Bravo Dashen keep it up!!!!",5,2025-04-22,Dashen Bank,Google Play
d873c1fd7fe5f79fdf62250445ad60ca,its features are so dynamic,5,2025-04-22,Dashen Bank,Google Play
efeba2b4f31574a686e9597a20b4951d,fast &Friendly user Application.,5,2025-04-22,Dashen Bank,Google Play
fb7360d5e2e9a8e62ae45cd97a49b99b,"Fast, Reliable and User Friendly. Keep it Up",5,2025-04-22,Dashen Bank,Google Play
a83939537a08810ef24b1d32f3564b38,"#dashen super app is easy to use, secure & fast transactionüòç",5,2025-04-22,Dashen Bank,Google Play
07bdb461c7787ac9379d6c657360cd88,i love this app esp 3 click that make e-commerce easier and convinient.,5,2025-04-22,Dashen Bank,Google Play
f841ec24d778849c4182fff0e700d777,Dashen Super App contains extended selections for customers and can be easily accessible and also friendly to use.,5,2025-04-22,Dashen Bank,Google Play
3a1fc972cb8c9b09e5b00ba47f30e870,Great for everyday banking and payments on the go,5,2025-04-22,Dashen Bank,Google Play
773655369cc7308da69e69db00eb49d3,"""Dashen Super App'' is impressive with its focus on simplicity, speed, and quality. The user interface is clean and easy to understand. Transactions process quickly, and the overall quality of the app is top-notch. A must-have for Dashen Bank customers. ·ã≥·à∏·äï ·â£·äï·ä≠ ·ä†·äï·ãµ ·ä•·à≠·àù·åÉ ·âÄ·ã≥·àö·ç¢",5,2025-04-22,Dashen Bank,Google Play
4cbe6a6761f6cc1f421d470d171a7f03,making transactions has never been easier. the new update is just amazing,5,2025-04-22,Dashen Bank,Google Play
aa6c74b5dbf77c817190005f34be0fb5,"The app has various usefull functions, which make easy the payment system. Also, it will connect with sellers having reasonable prices.",5,2025-04-22,Dashen Bank,Google Play
d149f1e85c844d504dbf2b5f1bfbf90f,The app has great user interface with comprehensive payments and E-commerce platforms. And also it includes unique features such as chat Banking and budget.,5,2025-04-22,Dashen Bank,Google Play
8b59b02d3fa5d072ce818a7040c34b90,betam mirt Ena betam le atikakem kelel Yale Ena michu application nw,5,2025-04-22,Dashen Bank,Google Play
31fad71c50d2e6e15f80df7873032e60,Convenient!,5,2025-04-22,Dashen Bank,Google Play
3b0191e49316972f7a39033fff295b55,It is an amazing application that meets the needs of customers.,5,2025-04-22,Dashen Bank,Google Play
2eee713e557cc54ac68c4ab1ad3bc544,Effecting payment via the app has created convenience to the recipients in easily confirming the payments received!,5,2025-04-22,Dashen Bank,Google Play
a5c378c60846eaed53b76afd30fcfde9,the best Supper App ever,5,2025-04-22,Dashen Bank,Google Play
4c89e2c6e1234de9df6d93f906da9ae6,"This is the best app ever, when is it planned to include digital lending and gasification?",5,2025-04-22,Dashen Bank,Google Play
a2dd121c30bdd1a3f8ddbdaa82b5407b,"A powerful, local solution that rivals any global app. I love how easy it is to explore services and products.",5,2025-04-22,Dashen Bank,Google Play
053255547cdd310857d6eff63796fa67,Dashen bank is my number one choice,5,2025-04-22,Dashen Bank,Google Play
3a97861418b57b807329528facb884fb,Assefa Genetu = Dashen superup is the latest and inclussive .I am happy with this super up.,5,2025-04-22,Dashen Bank,Google Play
4fe52f1039a31872fbb4702d33a125ea,"The App is incredibly user-friendly and brings multiple services into one place. It's fast, intuitive, and makes daily tasks super convenient. A true all-in-one solution!",5,2025-04-21,Dashen Bank,Google Play
0548d78c6f59aa875dfde826a24161b8,"Proudly made in Ethiopia, this innovation delivers more than promised. The marketplace is a major boost for local commerce",5,2025-04-21,Dashen Bank,Google Play
d90526eca48c9f2b67bb1389b8101bc3,it so fanrastic and user friendly app. Bravo Dashen bank thanks.,5,2025-04-21,Dashen Bank,Google Play
8a2b17013a48d1933938a988ebe5baf2,"one of the best digital platforms I've used! from smooth transactions to a seamless shopping experience, highly recommended.",5,2025-04-21,Dashen Bank,Google Play
9297117d21b83fcc7c40e592af3cb2ac,A proudly Ethiopia innovation that delivers beyond expectations. The marketplace feature is a big win for local shoppers bnd sellers,5,2025-04-21,Dashen Bank,Google Play
775a6e925e62c4d358b14570edebea26,"Dashen Super App is a game-changer! It‚Äôs fast, user-friendly, and packed with features that make everyday banking and transactions super convenient. I love how everything I need from mobile banking to utility payments is all in one place. The interface is clean, and everything works smoothly. Definitely one of the best apps out there. Highly recommended!",5,2025-04-21,Dashen Bank,Google Play
58286faeec7ecbc61aefa9d4a9933425,Easy to use and has many options. It is the best financial app I have ever used.,5,2025-04-21,Dashen Bank,Google Play
e2bc3b371d447cbfdfc72cd598bc638a,"Highly impressed! Dash Bank really nailed it with this app. Secure, reliable, and packed with features I use daily",5,2025-04-21,Dashen Bank,Google Play
6b2f89b77af1cf719d81b5c1b3fe5d57,"One of the best digital platforms I‚Äôve used! From smooth transactions to a seamless shopping experience, Highly recommended",5,2025-04-21,Dashen Bank,Google Play
a5368a579c2169db7e8556fcf5d882cb,"This app has everything I was looking for, dashen is becoming a grandmaster.",5,2025-04-21,Dashen Bank,Google Play
d638ba7a4fa0ad3eb31c9313e6bf0ae9,Very convenient,5,2025-04-21,Dashen Bank,Google Play
ca7811bfca2ec9082ca2875ca6d2ad09,"The user experience is seamless, and everything just works perfectly right out of the box. I can‚Äôt believe how much time and effort it saves me every day.",5,2025-04-21,Dashen Bank,Google Play
92dc1c7e9796db0e78b69a81e278442c,wawwwww what nice super app !!keep it up dashen bank !!,5,2025-04-21,Dashen Bank,Google Play
f1bb82cd0eecd3131cd5a272330e7c70,"Dashen SuperApp the ultimate all-in-one solution! From banking and shopping to bill payments, everything you need is right at your fingertips. Life just got a whole lot easier!",5,2025-04-21,Dashen Bank,Google Play
4aa68ea28f145664bb8e26b2d951d8fb,"It is,really super because of its unique offerings to individuals and businesses.It is a secure UX first app intended to cater comprehensive digital meeds.I am also happy to know that Dashen is considering to make the app more inclusive by lowering the mobile version requirements .",5,2025-04-21,Dashen Bank,Google Play
bd14bbcc0dbd78c18dce3e4ad6d47f6e,"the very easy, secured, fast and multifunctional dashen supper application I ever seen. dashen really one steps ahead!!!",5,2025-04-21,Dashen Bank,Google Play
2c6282c6e48c01ad5131f30862b39c38,"One app for everything! I can shop, manage my bank account , and do so much more . Truly a super app",5,2025-04-21,Dashen Bank,Google Play
36b0d69cf6d8bbed30d0f38050be0f16,one of the best digital platforms I‚Äôve used! From smooth transactions to a seamless shopping experie,5,2025-04-21,Dashen Bank,Google Play
aef8beb6f988fbcf674bcfe3e69e5ebc,"Dashen Bank super App is the most suitable, reliable, and fast digital banking system.",5,2025-04-21,Dashen Bank,Google Play
e6203aafe7fc5caf090e2314742966ba,Excellent app.,5,2025-04-21,Dashen Bank,Google Play
fc98668d448e3f1c00461895c735a707,This is what we call banking app. As professional I want banking app as simple as this and an app rich of features that align with my lifestyle.,5,2025-04-21,Dashen Bank,Google Play
316a96ebf439275be6ff2d1f3dcc7c22,thanks again,5,2025-04-21,Dashen Bank,Google Play
cdcdd5c92eb57fde35526737b2c64b9f,Super Easy To Use and Fast Transaction.,5,2025-04-21,Dashen Bank,Google Play
d209eca14deb665dd3bd501479db8287,"I have an incredible experience with Dashen super app, what an amazing platform is it?. keep pioneering in technological advancement üëèüëèüëè",5,2025-04-21,Dashen Bank,Google Play
9bf9f7bd08e9a6c0038e67564c7ddea7,"i can't recommend the Dashen Super App enough! This app is truly a game changer for anyone looking for a seamless and efficient way to manage their daily life. It combines multiple essential services into one easy-to-use platform, saving time and simplifying tasks The user interface is modern, intuitive, and super responsive, making navigation a breeze. Whether it's banking, payment services, or accessing lifestyle features, everything is just a few clicks away!!",5,2025-04-21,Dashen Bank,Google Play
0da355542b3ac54d9f8facbd051a445b,"The app is incredibly handy for managing multiple financial tasks, from bill payments to managing budgets. It‚Äôs saved me a lot of time and made banking way more convenient. Definitely worth checking out!",5,2025-04-21,Dashen Bank,Google Play
19cbb191d753a07fd7c74d1bdcd7301f,what an App,5,2025-04-21,Dashen Bank,Google Play
095d5b26818755b5ea5fbc12c2caf2a6,The new e-commerce feature is incredibly amazing and user friendly.,5,2025-04-21,Dashen Bank,Google Play
81c706a6f0cf31a25d797dff1a225943,"dashen bank supper app is the most easy to use and have high speed,quality and I like features like chat,budget,fuel payment, and security for my opinion this product is techonolgy edge,this international standard thanks for product oweners (dashen bank)",3,2025-04-21,Dashen Bank,Google Play
2be1c7750e0723a4a8515e8cd7731773,"The Dashen supperapp is a revolutionary advancement in digital banking, combining exceptional usability, an intuitive interface and a seamless user experience. among its standout features are the integration of QR codes, account statement, transaction advise, chat, transaction authentication for limit thresholds, budgeting and different app in a single dashboard. Truly ahead of the curve ..... keep up the excellent work ü§ùüëè",5,2025-04-21,Dashen Bank,Google Play
e304faf40ce899df356d304b87fd30d4,"A proudly Ethiopian innovation that delivers beyond expectations. The marketplace feature is a big win for local shoppers and sellers. Very impressed with the new updates, The e-commerce section is smooth and supports Ethiopian merchants!",5,2025-04-21,Dashen Bank,Google Play
e86461f494033481155f94b295cd63c6,"Very impressed with the new updates, The e-commerce section is smooth and supports Ethiopian merchants.",5,2025-04-21,Dashen Bank,Google Play
8a2912339d0f3e3975a6b806eaf169c7,"Dashen Bank Super App is fast, reliable, and super easy to use. All my banking needs are handled smoothly in one place. Clean design and seamless experience ‚Äì highly recommended!",5,2025-04-21,Dashen Bank,Google Play
28e74c7a9af2f588e266587457eda6d9,"Db sup app is A platform or an application that can grasp more satisfactions through fastest mode of operation which means for budget planning, to use QR code(scan, pay, go) chat with staff, acc to acc other bank ft, merchant payment, and easly. I addition to i satisfied and i invite everyone to use those platform!!.",5,2025-04-21,Dashen Bank,Google Play
5b1c1ff95e0afdc926e595f545e31639,the chat banking and unique and only app that alow money request!!,5,2025-04-21,Dashen Bank,Google Play
d04c3ca1eac187b12148fad83f17fcae,Better and inclusive app!,5,2025-04-21,Dashen Bank,Google Play
67e4a64e4f7313f68dd4423cdd0c7fb0,Amazing Application,5,2025-04-21,Dashen Bank,Google Play
733fb87de9d3d487a3d638eac42bc3df,It keep my time to pay my bills and I generate my satment easily,5,2025-04-21,Dashen Bank,Google Play
20a462ba5b4048df4371119e84dc6990,"It's an amazing app that is up-to-date with the times, wow wow",5,2025-04-21,Dashen Bank,Google Play
ba17ced8a68d6ea3c558f17fab9f9605,A game-changing Ethiopian innovation‚Äîwhere shopping meets opportunity. The marketplace feature connects buyers and sellers like never before.,5,2025-04-21,Dashen Bank,Google Play
4ebe40a1900ce7192f7f31b523b97ee0,"Dashen Super App isn‚Äôt just an app ‚Äî it‚Äôs an experience. Effortless, powerful, and built for the future",5,2025-04-21,Dashen Bank,Google Play
c94fe25106fc7e4cf78a7c13832f13ed,"This Is An Amazing App with Uniqe Quality,Easy And Fast Mobile Banking App.",5,2025-04-21,Dashen Bank,Google Play
f7b9160c8f95f924a883cee271fdd8fd,"Dashen SuperApp is a lifesaver! Banking, shopping, and bills in one super easy app. The new e-commerce feature is awesome and supports local merchants. Fast, secure, and proudly Ethiopian.Download it now‚Äîyou won‚Äôt regret it!",5,2025-04-21,Dashen Bank,Google Play
490887a48698ebc440b73248246ae116,"Dashen SuperApp blends finance, shopping, and daily services effortlessly. The new e-commerce feature is smooth and supports local merchants‚Äîproud to back an Ethiopian-made solution!",5,2025-04-21,Dashen Bank,Google Play
78ca7eb173399d946efc6eacd585a82a,"A solid step forward by Dashen Bank. The SuperApp combines essential banking features with lifestyle services, making everything accessible in one place. The interface is smooth, and transactions are quick and reliable. It‚Äôs clear a lot of thought went into the design and functionality. Great job!",5,2025-04-21,Dashen Bank,Google Play
62918aed96d6e27d8b4406a7925f70b9,Dashen bank super app is the crucial and convenient app in Ethiopia. there is no other app to compare with Dashen bank super app,5,2025-04-21,Dashen Bank,Google Play
8e284b039ecb9c1051f509d2704e577f,"All-in-one finance & e-commerce super app! Pay, save, shop seamlessly. Fast, secure. #BankAndShop",5,2025-04-21,Dashen Bank,Google Play
68fe82cddf9e3420dc58f6db05c234e4,it's a hestorical app. in the bank industry.,5,2025-04-21,Dashen Bank,Google Play
b3d4425bcb40ba395a368141955c7ada,"A game changer in Ethiopian digital banking fast, secure, and packed with services. Everything you need, all in one powerful app. A true leap toward financial convenience and innovation!",4,2025-04-21,Dashen Bank,Google Play
15a3313b8b931c0b22f7aed08365a7bb,"easy &,simple to use",5,2025-04-21,Dashen Bank,Google Play
71a8d1ecdd34a1fd5b7d06ce88635680,"Banking, but make it smart. Local solutions, all in one place. Smooth, fast, and actually saving time. Feels like the future. Love it!",5,2025-04-21,Dashen Bank,Google Play
980aeec851a63db2f2161d837e282103,"All in one, that is it üëå",5,2025-04-21,Dashen Bank,Google Play
32e47269aba282a9b67aeb61564d542f,", Dashen Bank Supper App is multipurpose, convenient, very attractive and Make life easier",5,2025-04-21,Dashen Bank,Google Play
c6e1a22fcaf8bd7a7a3f05912a852f2c,very easy and flexible app.,5,2025-04-21,Dashen Bank,Google Play
90bde36c986c8e51920db4c5ac9f2171,"I choose Dashen Bank Super Up since, it is easy to use & it has attractive features !",5,2025-04-21,Dashen Bank,Google Play
d56c3a37ac0bf62e40f1fce8345a31bf,dashen super app is simple faster and reliable.,5,2025-04-21,Dashen Bank,Google Play
0e5cfe2802b96b40689c0566f1303536,"Dashen Bank Super App is a game-changer! The user-friendly design, wide range of services, and smooth performance make it incredibly convenient for everyday banking. It‚Äôs fast, secure, and truly reflects the bank‚Äôs commitment to digital excellence. Highly recommended!",5,2025-04-21,Dashen Bank,Google Play
eeeeb2774b30031fc625a40f70ba39ef,"The app keeps getting better with every update! Smooth performance, great UI, and top-notch security. Thank you for making banking so convenient!""",5,2025-04-21,Dashen Bank,Google Play
64620964eb7bde134ddbe9212c03da4d,this app is the most simply to use and secure safe i love it to use for any bank transaction,5,2025-04-21,Dashen Bank,Google Play
013a09c5e4ebc1c3e328b387e2f9b79f,"After i download the app recently had a smooth expriance, its user friendly, fast, and everything works as expected. keep up the good work.",5,2025-04-21,Dashen Bank,Google Play
3d3e7239507a8b7c249896cef3c027b2,An app with High performance and advanced features!,5,2025-04-21,Dashen Bank,Google Play
ee9d6091530f3b88960fbaa7cc880f55,"It is a very user friendly, attractive user interface, full of useful features. I really encourage everyone to give it a try.",5,2025-04-21,Dashen Bank,Google Play
ed43bb3a039529b58a9b38be5537e7e9,"Good actually , but it have to WORK when developer option is on üôè",5,2025-04-21,Dashen Bank,Google Play
ac7fc1c5cbfa037f54d7ef4d7d93bbc9,"All-in-one convenience, From managing accounts to paying bills and shopping online and the chat banking is game changer, this app does it all seamlessly.",5,2025-04-21,Dashen Bank,Google Play
fc0526a22ec8f79d23312eb4ec87d577,I appreciate that Dashen Bank takes lifestyle services into account.,5,2025-04-21,Dashen Bank,Google Play
b2e9a60dbd55e759a704df148d0055d1,keep it up!,5,2025-04-21,Dashen Bank,Google Play
cbe100cadef043762f0a48e1ad932b3b,amazing app really i loved it .that's why we say dashen bank is one stap ahead. It's the best mobile application that should be on every phone.,5,2025-04-21,Dashen Bank,Google Play
c71eb5bc051597fcdae839d01060c70f,very comfortable app keep it,5,2025-04-21,Dashen Bank,Google Play
cf7d59e9c496c449621f4378fc7d0a33,it has clear detail information about the application so it helps customer how to use the app. and it is very easy to use and also app is secure.,5,2025-04-21,Dashen Bank,Google Play
9958fa6d1235ccf6832aba53b9b930ea,"I have been using the Dashen Supper app mobile banking app , and overall, I appreciate its features.However,I‚Äôve noticed that when I turn on the developer options on my device, the app stops functioning properly. It would be great if you could look into this issue, as I often need to access developer settings for other applications . Thank you for your attention to this matter!",5,2025-04-21,Dashen Bank,Google Play
36537e60c2cdaeb37b751453644f1294,easiness to use with fast response time,5,2025-04-21,Dashen Bank,Google Play
5ac22a1c268dcb81ff8e4c30eca66ba3,"The new mobile banking application is a major upgrade! It‚Äôs incredibly user-friendly, with a clean and modern design that makes navigation simple and intuitive. I really appreciate how fast it loads and how smooth the overall experience is. All essential services like balance checks, transfers, and bill payments are eas y to find and use. The added security features give me peace of mind, and the app runs reliably without crashes or glitches. It‚Äôs clear a lot of thought went into the user experi",5,2025-04-21,Dashen Bank,Google Play
92b2d31f888a12b6703cdb372b8c9b77,"As an Internal Customer, Dashen Bank SuperApp has greatly simplified my online banking experience. It's easy to use, allowing me to quickly check balances, transfer money and pay Bills. The app's advanced security features are highly secure, ensuring my data is well protected. The Three click, Chat Banking and IPS features have also given me a smarter experience. In deed Dashen Bank is always steping ahead!",5,2025-04-21,Dashen Bank,Google Play
9ca62f88c2421e0a54f1bd012b9ba506,"A truly impressive app ‚Äî user-friendly and a game-changer in Ethiopian banking. The Dashen Super App stands out as one of the most innovative and convenient digital banking solutions in Ethiopia‚Äôs financial history. Smooth navigation, seamless features, and a wide range of services all in one place. Well done!",5,2025-04-21,Dashen Bank,Google Play
00e834b8cf9bb44df992ba91f6ea22e8,dashen bank super up has very fast and convenience and also it has contain more things on one app .I am very interesting to use dashen bank super up,5,2025-04-21,Dashen Bank,Google Play
22a8824b2e01acf743623c95c0870332,"The Dashen Bank Super App has truly elevated my mobile banking experience. It's fast, user-friendly, and packed with all the essential features. The interface is clean and intuitive, making navigation easy even for first-time users. I also appreciate the added security features that give me peace of mind while banking on the go. Dashen Bank has done an amazing job with this app‚Äîit‚Äôs reliable, efficient, and always improving. Highly recommended for anyone looking for seamless digital banking!",5,2025-04-21,Dashen Bank,Google Play
7bb6510281fb654f38377efcf791440c,A fantastic product!! keep the good work.,5,2025-04-21,Dashen Bank,Google Play
68eae3eccc5f1a5b4619604d1e81fd8f,"I am very impressed with the Dashen super app. It is user-friendly and operates efficiently. The budget and chatbot features are impressive, and all items can be purchased with just three clicks.",5,2025-04-21,Dashen Bank,Google Play
e27db1739da7c9015b368a24e5014ad2,"The Dashen Super App offers a quick and user-friendly experience, bringing together a variety of services, like budgeting, payments, airtime recharges, and more, all in one convenient platform. Its sleek design and intuitive navigation ensure effortless transactions. It's evident that Dashen Bank has carefully crafted the app to make everyday financial activities easier. A great choice for anyone aiming to streamline their digital routines!",5,2025-04-21,Dashen Bank,Google Play
acae8aebf8a6e0b3dec7906e988144da,Dashen supper App is the most useful app for our customers,5,2025-04-21,Dashen Bank,Google Play
c3255a25b23bdd217db4957b680b70cc,it is the most amazing mobile app,5,2025-04-21,Dashen Bank,Google Play
59e0f1ec85e74b478970ad960aa5393a,A Good and fast supper app thanks for dashen bank,5,2025-04-21,Dashen Bank,Google Play
2dfa3f1eb545db4d76f1d2d1135d42cc,"Dear Users of the Dashen Bank Super App,I have been using the Dashen Bank Super App for a while now, and I must say‚Äîit‚Äôs truly a game-changer! The app is incredibly fast and reliable; I‚Äôve never encountered any delays with my transactions. One feature I absolutely love is Chat Banking. It makes everyday tasks like checking my balance or transferring money as simple as sending a quick message. Also, the budgeting tool has been a huge help in tracking my spending and giving me a clearer",5,2025-04-21,Dashen Bank,Google Play
1822e40fb1a5a79a05fe6517165c6eec,"Dashen Bank Super Up,use the app and makes your easy,fast,convinent.",5,2025-04-21,Dashen Bank,Google Play
cf41175cbadb2e389b185e3a5b551539,To join digital world use supper app and make your life easy,5,2025-04-21,Dashen Bank,Google Play
d05ff6b8b7ec1ca9c696526e169dec9e,best mobile banking application,5,2025-04-21,Dashen Bank,Google Play
eeb6947658789066cc81675a70ffb928,"This banking superapp is incredibly well designed. The design and appearance of the app and the overall experience I have when using the app is fantastic. The app is packed with features from banking to e-commerce all in one place.It even has a budget setting option which is super useful for managing my money. Everything runs smoothly and I love how convenient it has made my daily life. Huge Kudos to Dashen Bank. You are truly living up to the motto ''Always one step ahead."" Keep it up!",5,2025-04-21,Dashen Bank,Google Play
e71be7626dfe9f921b845c14895064cc,best mobile banking application,5,2025-04-21,Dashen Bank,Google Play
869526709a56f4a5eb2710495e05bcde,I was really amazed by the idea of an e-commerce service on a banking app. This is what it means to be one step ahead. Please include all kinds of products in there as soon as possible.,5,2025-04-21,Dashen Bank,Google Play
11cd4407e28affaca578f7d08415a64f,this is what we expect to get service Dashen Bank always like his slogan,5,2025-04-21,Dashen Bank,Google Play
ddc51dc44fc07de8448993ff6cf63502,"Dashen SupApp is the most contemporary application, offering a great experience by enabling users to perform multiple tasks through a single platform‚Äîsuch as chatting with friends, transferring money, paying bills, and more. It is the first app of its kind in the Ethiopian banking industry, making it a remarkable opportunity for entrepreneurs working in app-based sales and software marketing. Good job, Dashen Bank!",5,2025-04-21,Dashen Bank,Google Play
e7034fbb346ce3a2e996ce4b5cf85c9c,Dashen Super App gives me an amazing convenience and makes life easy.,5,2025-04-21,Dashen Bank,Google Play
dd6c8af5afde9c3dc9b04acbec62c0e7,excellent mobile banking app,5,2025-04-21,Dashen Bank,Google Play
f70f097f83cc91e950d7ea7f1d57183a,Wow! like his name Super App...,5,2025-04-21,Dashen Bank,Google Play
aea1cb421289c73219f186537d3c3312,Dashen supper app is the most special. ·ã≠·àù·âæ·â± ·ã≠·àà·ã´·ã´·àç!!!!,5,2025-04-21,Dashen Bank,Google Play
d02207549f2cb9f937a7064f86b8ef32,convenient and fast,5,2025-04-21,Dashen Bank,Google Play
fdc96a105d5b9df1a5eea89f44d59adc,Best- in-class app.,5,2025-04-21,Dashen Bank,Google Play
2500261d74d4741e37e3404144f25081,I really like this amazing application and Dashen Supper app that has made my life easier.,5,2025-04-21,Dashen Bank,Google Play
368b5dd7cd774cd4a59e0146b5cc25f9,"amazing features, faster and easy to use",5,2025-04-21,Dashen Bank,Google Play
eb4c09a6ba1d3dda3fb579ef5ef79bbd,"The Dashen Super App offers a modern, user-friendly experience that leverages the latest technological advancements to deliver a seamless e-commerce platform",5,2025-04-21,Dashen Bank,Google Play
d54cfcab203b4207e43f7d20d2cc9f41,I love it. one of the best mobile banking app in the banking industry,5,2025-04-21,Dashen Bank,Google Play
947fc516c857278c102fe9621771e413,I love this app,5,2025-04-21,Dashen Bank,Google Play
0ae5a944442c24df7eb62f8903f40770,no working for me hulum information asgebiche continue or accept yemilew button ayeseram my phone is Samsung A51,1,2025-04-21,Dashen Bank,Google Play
069f3d2b1f5625cfe1f1b57a107aa15a,waw no idea the best app.,5,2025-04-19,Dashen Bank,Google Play
90946f91d3f936c94a2019cda5882a31,fast best app,5,2025-04-19,Dashen Bank,Google Play
41e6d690c065868d972e914fc664d912,nice app ever,5,2025-04-17,Dashen Bank,Google Play
6f6873d7d515e64ae072255ea24e7975,very disappointing app. Closes frequently and unstable in function,2,2025-04-17,Dashen Bank,Google Play
493edad233cc0b6e1586f30c5aece2ab,"Feature-rich? Absolutely. But the speed? Painfully slow. Seriously, is it communicating with a server on Mars or something?",5,2025-04-16,Dashen Bank,Google Play
fac8d0b4164d52dc6120ad8c5f51c3b5,"The Dashen Super App delivers a remarkably fast, highly secure, and exceptionally user-friendly experience, establishing it as a leading application in its category.keep it up and stay ahead Dashen Bank.",5,2025-04-14,Dashen Bank,Google Play
df5716f9b3940e9ea2c09fb034de869f,So far so good! their in person customer service is amazing üëè,5,2025-04-14,Dashen Bank,Google Play
0e59f282e0b56e4d8e94a2095bbcffc0,The app is very backward and doesn't always work. If it works three hours out of 24 hours it's great!üò•,1,2025-04-14,Dashen Bank,Google Play
8758d39fd76d069aefb672ff55cda0d9,It's bad for the connection and too many days are it that not working,1,2025-04-12,Dashen Bank,Google Play
00443c0b0e8d7964d0277301020325a6,it's samart,5,2025-04-10,Dashen Bank,Google Play
a546887015d61988d1d36731e7cfd64c,"The app is not working properly, I have been using it.",1,2025-04-10,Dashen Bank,Google Play
35b09005bdea9fd72e89f4e581f3c045,it is very good app,5,2025-04-10,Dashen Bank,Google Play
bf3237c58ef493ede63e1c48d10bb37f,"I had a disappointing experience with Dashen Bank's Super Up service. The app is very slow and takes forever to load during transactions, which is incredibly frustrating. Additionally, it doesn't generate receipts for any transactions, making it difficult to keep track of my expenses. I also reached out to customer support, but the response time was longer than expected. Overall, I was hoping for a better experience, but I find the service lacking and in need of improvement.",2,2025-04-09,Dashen Bank,Google Play
b5f77c937459cd6effb5d71e217ac106,slow cumbersome,3,2025-04-08,Dashen Bank,Google Play
e5a3cba2a8723a811f42223fac6309d1,Is really üíÄ,2,2025-04-08,Dashen Bank,Google Play
430e145af35b585aa5bf39348ba24b17,It's slow to send OTP. it's not reliable. It crushed many times. It needs improvement in many ways,1,2025-04-07,Dashen Bank,Google Play
9a1ab4549a809f46ee1cbb2689985fd8,"This is the worst mobile banking experience I‚Äôve ever had. It doesn‚Äôt work when you need it, and it randomly updates itself without warning. You can‚Äôt make transactions whenever you want. It‚Äôs a nightmare for anyone who relies on this as their main banking option, especially those with a lot of money in their account. I‚Äôm lucky I‚Äôm not one of them, but still, it‚Äôs infuriating not being able to access your money when you need it.""l",1,2025-04-07,Dashen Bank,Google Play
79e03e13aa8699030bf5748f4fa54ed5,"I have experienced on using the app of Banks in Ethiopia, this Dashen sup is like old version of the applications for using. I gave 3 star for it's very low speed while login and processing",3,2025-04-07,Dashen Bank,Google Play
34970802998e8257cd7220d427725427,proud by dashen bank,5,2025-04-06,Dashen Bank,Google Play
7e55e34561cc7965ddf751f9703af8a6,best of best,5,2025-04-05,Dashen Bank,Google Play
5b22a90742757dc4ff4ae06f88b9365a,This app is not working unless you turn off developer mode on your phone. So it takes your rights to just use it.,2,2025-04-04,Dashen Bank,Google Play
18a445d4e96c72b6580fceb727712d10,real super up,5,2025-04-04,Dashen Bank,Google Play
ad83c81967670510f39ea072a313a4a1,it's very disappointing fix it as soon as possible not expected from dashin bank fix it,1,2025-04-04,Dashen Bank,Google Play
33696f89d51be6e6d8aca66fc3d4f040,why dashen bank workers hidden my ATM Card üèß?it's a big problem to me,5,2025-04-04,Dashen Bank,Google Play
5373070402518d2197d2804454658ada,why does it ask me for both pin and opt even the opt is touch let alone both,2,2025-04-02,Dashen Bank,Google Play
a9628779b17dc3093c1392ac742e537b,it is best app easy to use,5,2025-04-01,Dashen Bank,Google Play
279c791d94f9223a1687880cde0ae796,It is very easy to use and powerful application.,3,2025-04-01,Dashen Bank,Google Play
0f2e23974b6120adba1ea3568f9f98b3,this apps have a good feature but but some features like developer mode turn off irritate user,3,2025-04-01,Dashen Bank,Google Play
1c0626ddafccffc8a6ff0550d1463c84,"This is not only a mobile banking app, it is beyond that. We will access our account easily, we are able to get many information easily here. i.e. exchage rate. We are able to chat with others, we are able to budget, we are able to transfer to other bank and within Dashen. we are able to access many accounts in a single app, we are able to pay bills in QR scan, we are able to make payments and order delivery items here in a single app. #Always one step ahead.",5,2025-03-31,Dashen Bank,Google Play
4a7dc9872cd7cf1a91bb5a83ae77d8dc,wallahi very fantastic Bank,5,2025-03-31,Dashen Bank,Google Play
78fb992bbad96c62a27b8cea283eb16a,"Waw, It's amazing app. thank you Dashen Bank.",5,2025-03-31,Dashen Bank,Google Play
ffb750715be6b7fb9a240c87b36cfd87,"I‚Äôve been using the Dashen Bank Super App for a while now, and it‚Äôs been a game-changer. The app is super fast and reliable‚ÄîI‚Äôve never had an issue with transactions being delayed. One of my favorite features is the chat banking, which makes it so easy to do things like check my balance or transfer money just by typing a quick message. The budgeting tool is also really useful. It helps me keep track of my spending and gives me a clear picture of where",5,2025-03-28,Dashen Bank,Google Play
c6a083c96d57b827153b4f8e2e999a1c,nice application,4,2025-03-27,Dashen Bank,Google Play
75e478cfdba65a30cc3ad26d9d0843fc,Very good app that like it too. B/c it is very fast and easy to use.,5,2025-03-26,Dashen Bank,Google Play
16b0a80079bb4b5478f2c6c5c84773f3,best experiences,5,2025-03-26,Dashen Bank,Google Play
7ba711e0ebd62678de39dafb0a2e077f,too slow to use.,1,2025-03-26,Dashen Bank,Google Play
baec9f5bc00655b3c0795b08ed8109bc,the worst app in the market only good ui,1,2025-03-22,Dashen Bank,Google Play
c89eee632e9c0dbbe28f6105ffee953a,·â†·å£·àù ·âÖ·àç·àç ·ã´·àà ·ä†·çï ·â†·à≠·â±·àç·äï ·àà·ä†·å†·âÉ·âÄ·àù ·àù·âπ,5,2025-03-22,Dashen Bank,Google Play
2f2fc6eb35f492b582fd9e17b8b718c4,thanks for all digital transaction,5,2025-03-21,Dashen Bank,Google Play
ef1450eb9a01d795557527d5b32ceae4,"This app is not supporting smart phones that have old android version and so it is none inclusive. At the same time the amole lite is not working properly and once you reached to maximum otp trail mistakes due to network or other errors like stacks , you will be tied up to make Transactions. Ohh... tired!!!!!",1,2025-03-20,Dashen Bank,Google Play
1fcf3d8346efe39a27120866aa57b5f1,it's Be Come Busy &not working good,1,2025-03-20,Dashen Bank,Google Play
e792a5a404b264ce96f6c30f116f3856,I wanted to share some concerns about your Supper App. It appears to be experiencing reliability issues and isn‚Äôt performing as expected. I hope this can be addressed soon to improve the user experience. One star üåü for now.,1,2025-03-19,Dashen Bank,Google Play
0cd79bc37aaacd64df14fab71a96e340,"best ever digital banking sector essay for understanding ,smart and convince for using",5,2025-03-19,Dashen Bank,Google Play
6d1abed3bc36ff560ae275ca8f6e24f0,good and latest,5,2025-03-18,Dashen Bank,Google Play
0e00ffef4d6a269a55fbfd67c3f1e93e,The best App of all,5,2025-03-17,Dashen Bank,Google Play
65bdbe57f2322db2fbe6e29a3092bf48,Worst app ever,1,2025-03-15,Dashen Bank,Google Play
6933f0b02c234a49ec1ef8fefb5f3792,"This app is the most unreliable mobile banking application I have ever used for transaction, it is very late, non-responsive and full of bugs. Its is very disappointing. It is just inconvinient, and not user friendly and compatabke at all !!!!!!",1,2025-03-14,Dashen Bank,Google Play
3ec8d4c098f5fba60ef18550a445cbb9,The app is good but it has no USSD option,4,2025-03-13,Dashen Bank,Google Play
3b0e0bfd9cd7416c963d8cfe742acf2c,I have used many mobile banking and also tellebir and mpesa nothing come close to this app. Well done Dashen indeed one step a head. A lot of cool features that amole hasn't the receipt and the account statement is superb for me. I hope you add more integrated small apps to.,5,2025-03-12,Dashen Bank,Google Play
9feb8a1f7aaff6593b35603a79ad2694,The app is good but it ask update every week so tiring,2,2025-03-11,Dashen Bank,Google Play
167d15d5abc59a8767511393304a9384,It good and easy to use,5,2025-03-11,Dashen Bank,Google Play
50ec9c4059a8fb9a3be5dd379fa64c22,·â†·å£·àù ·ä†·à™·çç ·àò·â∞·åç·â†·à™·ã´ ·äê·ãç ·ç¢ ·ä†·àò·à†·åç·äì·àà·àÅ ·ç¢,5,2025-03-10,Dashen Bank,Google Play
ec8cd961f079204c0e0aa8d31b52ed8f,"Greately improved since it was released! I really like the budget and expense tegistration feature. For ATM or POS withdrawals, it is not possible to account these expenses, even if it is visible on the transactions window. If that can be worked on, it will be improve so much!!",5,2025-03-10,Dashen Bank,Google Play
603156aa00ff22bd217aae7d9dbd8478,Wow Excellent app,5,2025-03-08,Dashen Bank,Google Play
ae1f37c596275d0c292efde9c4b731d8,Nice app but i experience some issues with others banks transfer it keeps saying account is not exist most of the time.,4,2025-03-08,Dashen Bank,Google Play
578351ec715a9f4bbb40ce082af35c2e,Add the option to send money to any telebirr account like amole does.,3,2025-03-08,Dashen Bank,Google Play
f22bd3258663cb12c6dfbf480e0ceea7,no one dashen yichlal,5,2025-03-07,Dashen Bank,Google Play
ec5222cc29027468e33d07157513c62c,In short ! I'm so proud of this app developers for their highest professional of developing. Thanks,5,2025-03-06,Dashen Bank,Google Play
d47adb8d0d6fda94fe507c644420ce7b,The speed is too slow. Need some improvements.,2,2025-03-06,Dashen Bank,Google Play
43c889e1cb1506b6d254392a9044a610,Fantastic app,5,2025-03-01,Dashen Bank,Google Play
c9566164b9e15f71c91bd21c45a622f2,I wish dark mode feature is add as an option but it's good app,5,2025-02-27,Dashen Bank,Google Play
8154b472d5925b37ec4dac0e9ce4c32d,"Super Up is the ultimate digital banking app, living up to its name with speed, efficiency, and innovation. Designed for a seamless experience, it offers lightning-fast transactions, top-tier security, and effortless financial management. With Super Up, banking has never been this smooth, smart, and super!",5,2025-02-26,Dashen Bank,Google Play
821ced6b466a1288b2352ff461ca736e,"The Dashen Super App is a game-changer in digital banking, offering a seamless and convenient experience. With its user-friendly interface, fast transactions, and a wide range of financial services, it simplifies banking for customers. Features like bill payments, fund transfers, mobile top-ups, and loan applications make it an all-in-one solution. Plus, its security measures ensure safe and reliable Experiance effortless banking",5,2025-02-26,Dashen Bank,Google Play
2ac69e4efe511ca0fd72aaf3b862e581,"It has good feature. But, it is Very Slow! difficult to pay or receive. The Speed should be improved, else I didn't recommend.",2,2025-02-24,Dashen Bank,Google Play
a83551770345db45d340fa456f639719,Excellent app,5,2025-02-24,Dashen Bank,Google Play
094add227c443da487a5ef3a93d152a1,·ä†·çï·àç·ä¨·àΩ·äë ·ä†·à™·çç ·àÜ·äñ ·à≥·àà ·â¥·àå·â•·à≠ ·ãà·ã∞·à´·àµ ·â•·âª ·àà·àù·äï ·àÜ·äê ·ä•·äï·ã∞ ·ãµ·àÆ·ãç ·àà·à∞·ãç·àù ·àò·àã·ä≠ ·â¢·âª·àç,4,2025-02-22,Dashen Bank,Google Play
4f761509591334523ac479e049ca548f,Wow amazing app,5,2025-02-21,Dashen Bank,Google Play
3cd29e834b1973a75a84fe800422e6fe,best platform... Please avoid otp,5,2025-02-21,Dashen Bank,Google Play
b9e43b3c177a22a0013c06b6283f091e,Super smart app.,5,2025-02-18,Dashen Bank,Google Play
5c1b2af339bc1a6aa70afa23ce86f670,I don't know what happens but the application is not send verification pass code you should fix that,1,2025-02-16,Dashen Bank,Google Play
5fd43e49ec975071af86c9cc6a59eb24,This app doesn't work on my phone my phone is Samsung Galaxy s7 android version 9 All other financial apps work like telebirr CBE M_pesa...,1,2025-02-14,Dashen Bank,Google Play
42a58c0364a35ae85a94fd3919d04384,"Dashen Super app is secure, very easy to use and has more services uniquely like budgeting, chat, IPS...",5,2025-02-14,Dashen Bank,Google Play
a840dbd952993bd884f7585c7599c56d,Amazing and user friendly supper app and looking forward the additional features,5,2025-02-14,Dashen Bank,Google Play
7d454b4d566d1e40e830d734b6c85646,it's amazing app i have seen ever,5,2025-02-13,Dashen Bank,Google Play
85956006d1dc92ea9fffa1c3d9f17c1b,One star deducted for not to able to transfer to telebirr.,4,2025-02-13,Dashen Bank,Google Play
3166b1d86ef4225945afe360d1fa77dc,·å•·à© ·äê·ãç ·åç·äï ·â†·ã∞·äï·â• ·àä·à∏·àª·àç ·ã≠·åà·â£·àç,4,2025-02-13,Dashen Bank,Google Play
3641041cf0a5cb8db397e0145e78a1a5,·çç·å•·äê·â± ·â†·å£·àù ·ä†·à™·çç ·äê·ãç! ·ä•·äì ·âÄ·àà·àç ·ã´·àà ·äê·ãç ! ·äê·åà·à≠ ·åç·äï ·â∞·å®·àõ·à™ ·ãà·ã∞ ·â¥·àå·â•·à≠ ·ä§·åÄ·äï·âµ ·àò·àã·ä™·ã´ ·ä†·çï ·â¢·ä´·â∞·âµ·â†·âµ ·å•·à© ·äê·ãç::,4,2025-02-12,Dashen Bank,Google Play
ed30a070e8efb8ed618a1801a254f49d,Keep up the good work and pleas add water and electric utility payment,5,2025-02-12,Dashen Bank,Google Play
57b91ccda88f12a23027004fd0597389,The app missed some important features 1. It does't show recent transactions 2. Transfer to Telebirr limited to own telebirr 3. The statement does't show running balance,2,2025-02-11,Dashen Bank,Google Play
1e78c4857dd35141e6064f6a89a2a2f2,"Simple, Fast and Easy ‚≠ê‚≠ê‚≠êüéâ",4,2025-02-10,Dashen Bank,Google Play
b8091191e5294018e7ffd0abc9b86bad,"·ã®·àö·åà·à≠·àù aplication ·äê·ãç, ·äê·åà·à≠ ·åç·äï ·â•·à≠ ·âµ·à´·äï·àµ·çà·à≠ ·à≤·ã∞·à®·åç ·ã´·àà ·çí·äï ·àò·àÜ·äë risk ·ä†·àà·ãç ·àÅ·àâ ·åä·ãú ·ã® ·âµ·à´·äï·àµ·çà·à≠ ·àò·ã∞·àù·ã∞·àö·ã´ ·çí·äï ·àò·àÜ·äï ·ä†·àà·â†·âµ!!!!!!!!!!!!:: ·ä†·à± ·â¢·àµ·â∞·ä´·ä®·àç 5 star ·ä†·àµ·ä®·ãõ·ãç ·åç·äï 4 ·à∞·å•·âª·àà·ãç::",4,2025-02-09,Dashen Bank,Google Play
bf1926b111cf546cd72739715a52ebec,Baankii daashin baankii hudna galeessa galatoomaa isinii woliin jirra Godina jimmaa magaalaa Aggaaroo irraa Muaz Abamecha Abamilki,5,2025-02-07,Dashen Bank,Google Play
f7bd1ff2756b8a85a5599918d6d984ae,It doesn't work,1,2025-02-07,Dashen Bank,Google Play
e065e5c1eda651d3de3a651ef0f32a0a,"#Dashen Super App; Super easy to use, secure, and fast transaction. Love it!",5,2025-02-07,Dashen Bank,Google Play
2b6cce7fa6a90604862542135d11e1de,"I tried the new Dash Bank Super App today, and it's amazingly easy and fun.I recommend you download and use it. You really like it",5,2025-02-06,Dashen Bank,Google Play
a1e71f3d302fea4f5223609596c70991,Gud app kegza ga mezmn endze new aind ermjh kedme nachu hlam,5,2025-02-06,Dashen Bank,Google Play
194b5e30577efbef33cdfd1af2b353aa,"Good app, bad security",3,2025-02-06,Dashen Bank,Google Play
72bab428851bc701aa8c292291e6902c,On Transaction page only show sent Transaction. Try to include received transaction.,4,2025-02-06,Dashen Bank,Google Play
8268171f272803d4d9786d63af0896b8,Wonderful Application üòç,5,2025-02-05,Dashen Bank,Google Play
1cf26e46e7c532221810d1fa143e2a80,I loved it,5,2025-02-05,Dashen Bank,Google Play
a488388469e295988e7afb5b2819178c,·ä†·àÅ·äï ·åà·äì ·ä†·äï·ãµ ·ä•·à≠·àù·åÉ ·âÄ·ã∞·àõ·âΩ·ãç,5,2025-02-04,Dashen Bank,Google Play
f60aa6f2dd451b986b77774372050283,I am so thankful for having this best app Dashen one step ahead,5,2025-02-04,Dashen Bank,Google Play
5fe40f448dbad8c8f2fb8f646bafcf01,Not good this app,1,2025-02-04,Dashen Bank,Google Play
b2c46081fba46178a957fc8df66c998f,Excellent app ever but it needs improvement on speed and transaction lists,1,2025-02-03,Dashen Bank,Google Play
a63eaff46c72fee30e08383ef7c922ad,"It does not work functional ,",1,2025-02-02,Dashen Bank,Google Play
c664ce7002c2755e333c5c2f6aae2852,all of dashen bank customers use the application it is good to use,5,2025-02-01,Dashen Bank,Google Play
256a728e895b54c5d5f73935a8fc2a9a,Gret experience,5,2025-02-01,Dashen Bank,Google Play
0b39d7f67ee0947d17da0370cf4f21b1,All good we need more,3,2025-01-31,Dashen Bank,Google Play
8715a4933856060142b77e723064be6b,"Dashen super app is easy to use, fast and robust",5,2025-01-31,Dashen Bank,Google Play
7eae2b11df1c73728633772cc632006d,it was amazing app.....thank you dashen bank....,5,2025-01-30,Dashen Bank,Google Play
1bfb1a5b589c3e791409b8fe33392612,Dashen bank super app for easy life.,5,2025-01-30,Dashen Bank,Google Play
ad272d20ed5ee37f7c94fdc9570af89b,Excellent UI/UX and beyond Banking servicesüëçüëç,5,2025-01-30,Dashen Bank,Google Play
77f28b15c5207700dccef30c911bba18,Send to oher bank ·ã®·àö·àà·ãâ ·ãâ·àµ·å• ·åà·â•·â∞·äï ·ãà·ã∞ addisinternational bank ·àà·àò·àã·ä≠ ·ä†·ã≠·à∞·à´·àù ·àÅ·àà·â∞·äõ ·ã∞·åç·àû ·ãà·ã∞ cbe birr ·àà·àò·àã·ä≠ account number ·ã≠·å†·ã≠·âÉ·àç ·àû·â£·ã≠·àç ·äê·â†·à≠ ·äê·ãâ ·àò·å†·ã®·âÖ ·ã´·àà·â†·âµ ·ã≠·àò·àµ·àà·äõ·àç,2,2025-01-29,Dashen Bank,Google Play
0a49fa4bc1eae5239f850a5325e2fd79,mobile banking to the next level,5,2025-01-28,Dashen Bank,Google Play
945279323e707dfc533e55dfea8e37e7,The first 3 star review is me,3,2025-01-25,Dashen Bank,Google Play
fc625c43d696ec7b356480c42ed953ae,Is not working,1,2025-01-25,Dashen Bank,Google Play
166962e636c8535e98db8c507db5a1bc,"Fast, reliable and user friendly. Amazing chatting features. Keep it up! Always one step ahead!",5,2025-01-24,Dashen Bank,Google Play
775b92ee281c1bdfd10949dbdd541fd2,"This app is literally the best thing ever The chat banking is so easy just text and it‚Äôs done Super smooth, fast, and honestly a life saverIf you haven‚Äôt downloaded it yet you‚Äôre missing out big time",5,2025-01-23,Dashen Bank,Google Play
e96d938b33205dcd049caaaaf1057ed7,I only see white page,2,2025-01-23,Dashen Bank,Google Play
e188d54f8a2bffbd799511fc90545970,Excellent banking app for all your needs! Who needs a physical branch when you can use Dashen Bank Super App Instead! I've never had an issue with anything that Dashen Bank Super App haven't handled swiftly and resolved to my satisfaction and above I don't often write reviews but this is an app/bank that I would highly recommended to everyone üíØ üëåüëç,5,2025-01-22,Dashen Bank,Google Play
bf8ffaf8730e3049168b66e92b198a26,Amizing Application üòç,5,2025-01-22,Dashen Bank,Google Play
3e29076e5efa41566b44429073ce1fd0,Fastest and easy to use,5,2025-01-22,Dashen Bank,Google Play
6c0fcd93aa08badde948fd1067ccf16b,Exellent app with exellent banking system and exellent bank ever,5,2025-01-21,Dashen Bank,Google Play
1439e3213c61a7947c370347a922e5a6,Amazing app to use as usual! But why option of transferring to Telebirr and M pesa which was available on Amole app is omitted?? Dasheen is my favourite keep it up.,4,2025-01-20,Dashen Bank,Google Play
7a60423883f74c7a2937629f164cda16,Needs some improvement,5,2025-01-20,Dashen Bank,Google Play
f149e458ca5de79706dd1ea798c96bce,Amazing super app,5,2025-01-19,Dashen Bank,Google Play
0c434c7fb0f50007a1e1e7926cfdc28c,I hope it will be better than amole,5,2025-01-18,Dashen Bank,Google Play
ec4c1e0e83649106a3bb79726746a263,Wly Super App ilove it ‚ù§Ô∏è üòç üíñ üíï,5,2025-01-18,Dashen Bank,Google Play
0cee99d1d61798e942d82e004ff7d8ae,Dashen yichalal. Ewnetem one step a head,5,2025-01-17,Dashen Bank,Google Play
ecd2d476e787e42f4befb05e61869ed3,It has a Good performance but need more upgrade for more performance like when we login account not be fast balance show other thing looking good. Carry on. Thanks so much for Greatest service,4,2025-01-17,Dashen Bank,Google Play
9fe4de1989a369461f022ad2bfc3e55d,"It is a very wonderful work that has saved its time. That is why it is ""Always one step ahead!""",5,2025-01-17,Dashen Bank,Google Play
5cb152a4106754c381d74a50198590b4,‚ÄúLife-changing!‚Äù I can‚Äôt imagine going back to traditional banking after using this app. It‚Äôs so convenient.,5,2025-01-17,Dashen Bank,Google Play
