reviewId,userName,userImage,content,score,thumbsUpCount,reviewCreatedVersion,at,replyContent,repliedAt
937102c6-ae88-419c-994b-80e520faacb8,Phillmon Haftom,https://play-lh.googleusercontent.com/a/ACg8ocJUHD1VlowMkpu5Ud6IlrkId8h-uGAlDtJtFS8bLkxHA1gDeA=mo,it's not working,3,0,25.05.03,2025-06-05 11:57:36,,
3559b91c-fad9-4032-bebe-cf99974b9628,Robel Alebachew,https://play-lh.googleusercontent.com/a/ACg8ocKc3cWFE6DB-KelsfBZrSQ5KjVQ7TztXXm7wELqjMcFMLChYw=mo,"Hello, I‚Äôm facing a problem with the BOA Mobile app. Every time I enter my phone number and password, the app crashes and shows an error that says ‚ÄúBoaMobile closed because this app has a bug.‚Äù I tried updating, reinstalling, and clearing cache, but nothing worked. Please fix this bug in the next update. I really need access to my account. Thank you.",1,0,,2025-06-03 16:21:34,,
10e85f30-540d-4810-ba89-85a7e004480b,Haymanot Anberber,https://play-lh.googleusercontent.com/a/ACg8ocIwmyIbpn174q-SvjF22qALayqXshfNd2A-CAp6EcVs5j7mYg=mo,exceptional,5,0,,2025-06-03 10:32:35,,
d7f07898-4ba1-47b4-9e8c-a3cc10b1bf0f,Mohamed Abdillahi,https://play-lh.googleusercontent.com/a-/ALV-UjWjpFDGs7v19_pZmUMCMtVR2F8pWgFtnQdx_Pau33zI25ducLU,BoA Mobile good bank,5,0,25.05.03,2025-06-02 14:25:12,,
2ca9480b-ff5f-4b59-952c-5921db83dab2,Ahadu tech,https://play-lh.googleusercontent.com/a-/ALV-UjWOhd6tDkB5D0Ws9KjbNiDZMM0fSVJ0ykgIWeFwpaPTgsqmNCU,this is worest app 24/7 loading,1,0,25.05.03,2025-06-01 15:51:10,,
8cd852da-0257-4ca0-9003-314fb464e55a,Fentaw Kefyalew,https://play-lh.googleusercontent.com/a-/ALV-UjW-o_renKzwI_NVk4Z9tu_rdXJbZhiBUXAmxdfTawTVdRuq-7GF,This App is not interest for Android phone Please update it .,1,0,,2025-06-01 10:17:10,,
d9172c66-a605-4626-acc6-e1dbca0685cd,Mansour Abdulkadir,https://play-lh.googleusercontent.com/a-/ALV-UjWBTOX_W3soQM62Qu5aC_OP2GP0PBmwc9J0vULfT4FccoQk0E8,BoA system is confartable,5,0,25.05.03,2025-06-01 00:47:32,,
c3f2810d-cf99-4600-90ac-bef47adb9e7a,Ethiopia,https://play-lh.googleusercontent.com/a/ACg8ocKgfyrWh_dWm13iUdnsiv6Y3B_9hY_rTiI67hppjky8hpEOBw=mo,"this app, for me , is a waste of time. It doesn't work . I can't even long in, and it really piss me off. FIX THE PROBLEM",1,0,,2025-05-27 21:16:27,,
512f8c2b-8fac-41cc-978a-b58e39a1ea5c,Gizachew Tesfahun,https://play-lh.googleusercontent.com/a/ACg8ocIix1Gtm5fb9xKlhypyXzFWtmAP2d4b16CGzSD-l_wk2w6Beg=mo,Good service.,3,0,25.05.03,2025-05-25 19:14:52,,
76089146-b1c7-47f4-ab9f-44b6a1092225,Tewodros Regasa,https://play-lh.googleusercontent.com/a-/ALV-UjWFdK2_RF3rbaPiwkRygKeobIf-Wu3NRloIJKctPROqaAuyebQi,the app crush frequently,1,0,25.05.03,2025-05-24 12:24:56,,
9198a5bc-f914-4a18-ad44-d2b77094c02a,Mabratu Tesfaye,https://play-lh.googleusercontent.com/a/ACg8ocIgHs_EOKmIvfuXuMFNQNI-NGtyOHnhDRG_UiNl8UWj1jddOg=mo,good,5,0,25.05.03,2025-05-22 15:34:58,,
e244700c-1210-4280-b60b-b75964c982df,amanuel fikiru,https://play-lh.googleusercontent.com/a-/ALV-UjWtyuTtCt_I4JrlaViwy7Liqp052l2tXUVjkWZRrksIxoV-SfRe,You guys keeps getting worst,1,0,25.05.03,2025-05-22 08:57:39,,
b857156e-2647-4eee-a3f4-2eec417f721e,Fikadu Netsere,https://play-lh.googleusercontent.com/a-/ALV-UjX5-vXTadTeJ8Argy1izQornDIewHYNog6uRcsJJquLDlt0TJQ,good,5,0,,2025-05-21 19:16:49,,
2e219268-96fd-400c-8632-0b0d1044f487,Natty Solomon,https://play-lh.googleusercontent.com/a-/ALV-UjVvOqNjcmiFvpg3wf626ccS0Kal2mOq6hxjoSjCb0xVC1fsg2cR,"This app is a joke. It crashes more than it works, takes forever to load, and half the features are just decorative at this point. Can‚Äôt log in, can‚Äôt transfer money, can‚Äôt even check my balance without it bugging out. To the developer: Are you actually trying to make this work, or is this some kind of social experiment to test our patience? Did you build this in your sleep? Because it definitely looks like it. If this is your idea of a functional app, maybe consider a different career pathüôè",1,51,25.05.03,2025-05-21 13:49:15,,
86456197-428d-45e1-9c00-8dd85dcbb9e9,Deginet Zeleke E,https://play-lh.googleusercontent.com/a/ACg8ocIhGMW4_4_6jw_3MGcqpSMCs7c4kC5rDFOZiQ5BpAhnZy_CtQ=mo,BoA,2,0,,2025-05-20 15:21:55,,
fe22c72e-7fba-4ae7-9b4f-097bdb51cc61,Nurhussen Mohammed,https://play-lh.googleusercontent.com/a-/ALV-UjWyAHzBB5My747ELrbHCrCmVUQZMarqfjDuQHzWAWVvXqdoQerk,good,5,0,25.05.03,2025-05-20 10:57:13,,
8ddf5c9f-f866-4817-ac5e-85c67bfa870e,Usu Elemo,https://play-lh.googleusercontent.com/a/ACg8ocJ3LWDmO2wgBE2qYNAOEsApqJSSpf0CbI28bSeOHIZF5XJo9zY=mo,but not opening on android,4,0,,2025-05-19 17:19:32,,
f8bb86fb-594a-48ea-be1f-d08ea0882b8e,Dagar,https://play-lh.googleusercontent.com/a-/ALV-UjXry0c8QCddJq6XwpLxmwwurl90WsOem5lxbxRhT69R8W0ZDK9T,Worst App ever. Totally unreliable. And it didn't work at all for the last 4 months.,1,4,25.05.03,2025-05-18 15:36:47,,
190dccba-a7cf-4b2f-9b78-5bf8d3c280ae,NURI KEDU,https://play-lh.googleusercontent.com/a/ACg8ocKQStyDvmw6roD6DSAJNOfgMeSyrB42Zi3akTBzH605QOIc7Q0=mo,amazing,5,0,25.05.03,2025-05-18 14:34:19,,
7f2000c9-7d5a-4e34-92bd-f3871b54b93c,EYOB FASIL ALEMAYEHU,https://play-lh.googleusercontent.com/a/ACg8ocIIg9SRpO4PO_lp39CE4_KOFDwkHUv8wPMk1Nav09986tpNuA=mo,excellent app,4,0,,2025-05-16 21:34:42,,
49377d51-ea44-483e-a596-3d5bed4b3f9a,Mohammed Siraj,https://play-lh.googleusercontent.com/a-/ALV-UjUft61LclDsZP39FfyUa9BbbptSPlFrc-fYRJSxRMcLgv07SGB4,excellent,5,0,,2025-05-15 15:42:43,,
8d310fe5-412a-4051-9857-4cf0cdebfb75,Mule Kebede,https://play-lh.googleusercontent.com/a/ACg8ocIgwIyZU1paq5NJA0CYQFgSV0fU3gH-2OaA2KLfTOb1EohP3w=mo,·àû·àã·ã¨ ·ä®·â†·ã∞,5,0,25.05.03,2025-05-14 15:47:57,,
b640cc87-df88-4b6b-9b9f-13fe0bdd5dfa,fire biru,https://play-lh.googleusercontent.com/a/ACg8ocKGXwSjfQH8MlM1J14zYWoc7q2nqnsFcm6waB-R2fWUuE51Ag=mo,"this app does no work on Samsung a51, it just gives a preview of the logo",1,0,24.09.30,2025-05-11 19:07:08,,
141af3a7-96be-4fe5-9490-4cb8dfbf711e,Samson Bogale,https://play-lh.googleusercontent.com/a-/ALV-UjXzkRzyW1X6Epgd9rxrEFT_pctOjzsrnQGv2bTfWm7TjFtt0WzF,nice,5,0,25.05.03,2025-05-10 18:48:38,,
301f6927-9395-4cda-bb77-041a36323875,bogale abunu,https://play-lh.googleusercontent.com/a-/ALV-UjUNALB1lGxqtlz7jPNG4uUMSvz5nifHfGqRn0KvjbgpsHkaWYg1,"i entered incorrect security question by mistake boa app lock pin forever, why is there no other options? ?? i contacted different branchs more then 4times but they didn't able to solve this issue .",5,64,25.05.03,2025-05-10 12:44:44,,
9a02c524-0d8d-445e-97d4-d1f451b16d43,Eyuel Baharu,https://play-lh.googleusercontent.com/a/ACg8ocIr-vPKu609mPLrtuU1ocVNLUChrKczNN_eUW-oaF346bIELg=mo,Best app,5,0,25.05.03,2025-05-09 16:12:56,,
857bb685-6f7e-4db0-af37-eb2f1c1c6fd3,Abdu berHanu,https://play-lh.googleusercontent.com/a/ACg8ocJjoZv87agxo3zkbYHkpDgp5LOsmx4bjWgO6tAxzjQT0bJbBg=mo,liking this application good üëç,5,0,25.05.03,2025-05-07 18:34:10,,
62fa097e-3fd8-4522-a3a3-9b13f17f594d,Ahmed Abdo Bedaso,https://play-lh.googleusercontent.com/a-/ALV-UjVskSAmT2ssPhP_eVaTgOhXTop0J4YEM0Lw6dgqrB2sT5B2LU5u,"This app future is good, but there is problems with apps to reset and activate it, which is difficult even to the branch staffs, and it takes too long times to active at the branch plus most of the time high expected failure of activation after process at the counter and OTP sent not work",1,2,,2025-05-06 18:06:33,,
e4f9ad9a-576a-4bbe-a910-812fd1b7e08a,Amnuel Gashaw Aman,https://play-lh.googleusercontent.com/a-/ALV-UjURD5C_B1xdox1GnMrB4JMjk9iCQtUSaB6HSx9y6U0QhXcpLn5s,good,5,0,,2025-05-06 17:44:32,,
586aecda-30fc-4daf-bca7-2d37573a5e4e,Kidus Yohannes,https://play-lh.googleusercontent.com/a-/ALV-UjV6PEEzUCeqclAbu_A3Z_NAjCbpT1y8FIsZVW9Bxnckt4a93mNI,good,5,0,25.03.07,2025-05-02 21:50:25,,
0f3023a3-30af-479c-85e7-4165b2ce30c7,Cherie,https://play-lh.googleusercontent.com/a/ACg8ocKLXWlJizJ5qtvxjKHQFhgN9yS_wEl_9siyR00CpQGc6GbihA=mo,good,4,0,,2025-04-30 11:23:56,,
aa6d112e-713e-46d9-90a5-6c32c1b1d7ef,Amare Tilahun,https://play-lh.googleusercontent.com/a-/ALV-UjUrRhhiZGK-01GEvgLTdHORsbQxcTVwirAgarLLNPs1_uzRcUw,good,4,0,,2025-04-30 10:34:17,,
8571b294-c8c6-491b-99d3-52438a2b6dc6,Kalid Kalid,https://play-lh.googleusercontent.com/a-/ALV-UjWdFWClw2FaOO8UwTbUL-i34RTEE8EAtMedSqCI7twcbqPuzr5T,wow,5,0,24.11.22,2025-04-28 17:51:26,,
e255b972-0d40-4de1-99ff-44dbada62a16,Parish Duop,https://play-lh.googleusercontent.com/a-/ALV-UjUm1sZ3jg3ZaGsXJ1QtSgcuH-vlxWHt-Ci60zdy62M0gOOJOzg,it's really good üëç,5,0,25.03.07,2025-04-23 19:44:14,,
dbd9dbf2-47ee-4103-8631-cd0ef79f4344,Natina'el Taye,https://play-lh.googleusercontent.com/a-/ALV-UjVrI4MILJEspf7LceYOswa-78YQoKxP6lWtAZZhExX8T5EMS24Q,Bad app . it stuck when you open and noting WORKS.,1,2,25.03.07,2025-04-23 14:16:20,,
8a4d9c01-9e5a-4732-a8ab-9341930b30c8,Nahom Abebe,https://play-lh.googleusercontent.com/a/ACg8ocLRFdZ5Nv2Vc17s9gmMXS_GfT3mVhKlWyxrIP49GsiyGHihcZQ=mo,"the app isn't working after it asked me the password it starts loading, but it doesn't open",3,4,25.03.07,2025-04-20 21:05:21,,
e523c50a-6f8f-4653-ad4d-5122ef8ddb9a,Wase Kedir,https://play-lh.googleusercontent.com/a/ACg8ocLvSpWlAY8Ph0RdWqqCXuD34YRHVBTLmEEDEGWaJ1I75BRh5A=mo,Best,2,0,25.03.07,2025-04-19 18:38:02,,
3271d45f-2900-41b6-878c-669ac563e60a,Abel Hubena,https://play-lh.googleusercontent.com/a-/ALV-UjWrRWecXiEPR5kq-KmcJ2jlH_yPjJkqwWL3m0Prz7GBtliRKoLvWQ,It keeps showing this pop up to turn off developer options even tho it's off! I had to turn on and then off to make it work! This is a horrible experience and needs a fix asap! Plus kinda slow.,1,11,25.03.07,2025-04-19 07:15:54,,
56788d9a-6194-40ce-b282-30c541eec4cf,Mule Negte,https://play-lh.googleusercontent.com/a/ACg8ocKoafd29AcHajg5qE4U0IFBWcUw-regmd5VC0Vc28qMgppEkw=mo,yideg,1,0,25.03.07,2025-04-18 00:18:40,,
df1d7402-68cb-4f20-ae7f-d02866690692,Shimelis Keterew,https://play-lh.googleusercontent.com/a/ACg8ocKgNDQ_0OzQEQ47DwzmLhbVOwqRMmn6-JgN2l7dr-prbqi3qw=mo,·ä†·ã≠·ä®·çç·âµ·àù ·ä•·äÆ,1,0,25.03.07,2025-04-17 10:12:16,,
527633dc-326a-40d3-8f50-663f5a355aee,Amanuel fitiwi,https://play-lh.googleusercontent.com/a/ACg8ocKliKKp_8qIp_g57FM85oeqfgP80QPcgSQkp41RTVuGAQho9Q=mo,great boa,5,0,,2025-04-10 14:33:26,,
152c96b7-b5f2-4b29-9812-ff59d9464615,Tesfaye Tegegne,https://play-lh.googleusercontent.com/a/ACg8ocJRp-HiDRmk4Re2YLUED1LPi2mS8UKENqpv1UoFIGfvF9ZLuA=mo,Best,5,0,25.03.07,2025-04-10 11:53:01,,
497345df-10e9-402a-bb96-88e16f8a803d,Tsegaye,https://play-lh.googleusercontent.com/a-/ALV-UjXSRy_sqj-sM5x9_STOAc9fTbWngaon6HwHTQOBXKU_DsYmD9To,boa of mobile backing,5,0,25.03.07,2025-04-09 14:32:34,,
6474e6df-7925-4e06-a67b-944237843b02,Mezemir Haset,https://play-lh.googleusercontent.com/a/ACg8ocLykuOmI1KEuf9Fq88IybGh-25nAYODVpHStxjVnhTYblr0Jg=mo,nice,5,0,,2025-04-09 04:01:08,,
f68ed25c-79db-4a9c-85e7-aaccd1671555,Joni Eden,https://play-lh.googleusercontent.com/a/ACg8ocLYmkXyF2huI_gR4t2Ra9sD2OqyiXutrjMLreLDsNRSaSL26w=mo,faster bank of Abissinya,5,0,25.03.07,2025-04-08 16:36:23,,
94ef86ef-6437-4c31-96c5-efeb7f32829f,Yared Getachew,https://play-lh.googleusercontent.com/a-/ALV-UjXStUgSCFhTrcRyNDiKuvnzNtvi4hky6vzgOcFx9fZ_GA_vBSxd,i would have given it a lower if it was possible because it crush so much and it take the bank so long to fix the bug,1,6,25.03.07,2025-04-08 10:12:19,,
3b48fff7-6b38-4099-9c7c-cabc1bbbd92b,Bezawit Wondmagegne,https://play-lh.googleusercontent.com/a/ACg8ocLMgtPAMJRBpYNB5jBVqf_d7ufK7SYjVpTqT1k9W2KLdWLR1g=mo,it just doesn't work...so frustrating,1,0,,2025-04-07 18:04:17,,
94d9f11f-f866-4439-a91b-c258140070e7,Estifanos Afework,https://play-lh.googleusercontent.com/a-/ALV-UjVCOxMtLb_FclshQFMTNGPTu7ZzYmgOK_RZGPj9zeBdtfOp2XY,like,5,1,25.03.07,2025-04-06 22:17:21,,
b10d3c9a-d5c8-422c-9bca-82a40310fb5c,Teddy and Fli,https://play-lh.googleusercontent.com/a-/ALV-UjWmwyTMeD9quS8mnVL-8WsUjWicNmU-FPOtffGrcwObiYaPRalW,it's not work correctly... you must have update it,1,2,25.03.07,2025-04-06 11:01:42,,
8eed1a6d-6902-45fe-abc4-48dcbae22f85,Esubalew Yismaw,https://play-lh.googleusercontent.com/a-/ALV-UjU-kJX0DEbtrWM_594xDdLac8BzdVyW-l0Zr_4gVsX4g8ggjJXw,"the app gets a considerable improvements like language , QR scanner and unlimited transfers survice. but BOA Please do alot on its fastness and convenient when we login and making a transactions.",5,20,25.03.07,2025-04-04 22:57:29,,
b3a22053-e2b9-47e6-8083-a2e73a7c6bed,yonas gebre,https://play-lh.googleusercontent.com/a-/ALV-UjXE7RfDi8eySDco2807b_hHR0-GAtMA29WYI7qd0R_kjITHUfxy,after i typed in my password it says successfully logged out ...and goes back to the first page,2,2,25.03.07,2025-04-04 12:38:08,,
53263f41-9dd6-4165-a24a-a41fda4c390c,Nati Kasahun,https://play-lh.googleusercontent.com/a-/ALV-UjX_oJS20sQqMojAKhqZSlSXTSSs7UpU4a8wSc8B1SFWw_Dg1lX5,good but they don't update enough don't add new things,3,1,25.03.07,2025-04-04 12:24:06,,
6686f694-5b08-4f44-a4de-2160c5ad6a62,John,https://play-lh.googleusercontent.com/a/ACg8ocKvB1iRR0QRd9LhyVCDVDq4-7E3yipvhqvpSIoPsF0ZtIAQ6A=mo,very good,5,0,25.03.07,2025-04-03 08:50:56,,
91372113-f427-4e6d-892a-571e1c40eee6,Raiis Rashaad,https://play-lh.googleusercontent.com/a-/ALV-UjUQMaSpnBVpu0Q--2MGY-nieBfCN5My_nV-B1rcRTjlMP7eQpTm,thank you,5,0,24.09.30,2025-04-02 03:33:00,,
6eec96bf-b4c9-4dde-9814-059cf54b3f86,Abel Getachew,https://play-lh.googleusercontent.com/a-/ALV-UjUkaycJeMeh_DqBMOGrF_SIv-5Cdunku3YbxuMtFpRYbjrZYfA2,it doesn't work period z slowest mobile banking ever i would rather use *815#,1,1,25.03.07,2025-04-01 00:27:34,,
1197ad29-5063-4999-888c-589582754caa,Hone Boy,https://play-lh.googleusercontent.com/a/ACg8ocJ94dBkQntspJfmKqbrM0zmMry5oAXsC9mSxVdmbgf1GAu49YE=mo,"after activated the application it not allowed to sign , automatically it is turn off In my phone, why ?",1,0,,2025-03-31 23:55:06,,
2ac5df83-d25c-41c5-ae60-64c7a77159c5,Aklilu Keshura,https://play-lh.googleusercontent.com/a/ACg8ocJO895hHxP5vfWjxyYMTHGNYQ4pxOg7nTBzQLJgFxjT65RqVg=mo,good application,5,0,,2025-03-30 21:56:40,,
e9072e9a-76dc-49d1-b423-cb64c4656802,Yohannes Assefa,https://play-lh.googleusercontent.com/a-/ALV-UjVwg9_NSPfIIi3K1l82YSlh3LDv-GSIaUQrd94qff5J0xwY0sQ,this version is not working for me I cannot even buy card. I cannot send money,1,2,25.03.07,2025-03-30 15:27:26,,
e52a6ccb-dc16-472c-84ef-2969c08a9318,Nahom Tesfamikael,https://play-lh.googleusercontent.com/a-/ALV-UjVdLDHs0A6z9aW1dG-vrDMpSIsjccMtGkcpl_MtI0yPySKYloG2,"It can't actively on initialization, it says incorrect OTP getting the exact OTP",1,4,25.03.07,2025-03-29 14:29:38,,
34f5b18e-0a79-40bb-94b6-4430d08e0c17,Michele Graffi,https://play-lh.googleusercontent.com/a-/ALV-UjVhogmcjhNlc6uExtKsURGMnlZbo3NX6G-YjJpYk18Qs_lQWDjRHQ,always problematic hardly works,1,1,25.03.07,2025-03-26 13:28:25,,
b96d31a2-9360-43ab-ba3c-a44b324f8288,Anteneh Mesfin,https://play-lh.googleusercontent.com/a/ACg8ocLXfHNN1SmAfwuH4t7QTG7NpieMJYgt87GQ3XFfTgk7IkKMew=mo,considering the fact the bank is huge this app really bad you could do better,1,1,,2025-03-25 18:33:59,,
c011e833-112f-4780-9a18-eaf17e5eff57,Agwes Agwes,https://play-lh.googleusercontent.com/a/ACg8ocJjrpQDLoL8mUYQBxG6Kg_MWxqyzKBbO84_SOVPgp1cCvURpg=mo,best app,5,1,,2025-03-25 13:15:12,,
316aafea-0134-4718-a056-b50a0eacb679,Sisey Tesema,https://play-lh.googleusercontent.com/a/ACg8ocIFB7bj5q6N87kF2suK7PLdrpQcLZ-lLXgdQLI6kltH56jocg=mo,very good,5,1,25.03.07,2025-03-25 12:56:42,,
1648df61-5880-4d2a-9ec1-c393c9ac474d,Monte Qamer,https://play-lh.googleusercontent.com/a/ACg8ocJ-ObRbopSy65IzsnO5eHZvy0tEsuvQ2MDOB62oki0Ua4OqGw=mo,"worst app and Bank ever u be ashamed, scammer",1,0,25.03.07,2025-03-24 17:00:42,,
f1de5d59-8021-423b-a02a-958993f6e85f,Cadaawe Xuseen,https://play-lh.googleusercontent.com/a/ACg8ocLCxC6Q81RjJCoITlg1WWr40nMq2W2UplXLIuGx4MfKCiWeIA=mo,great BoA,5,0,24.11.22,2025-03-22 12:46:56,,
5f3f6ba2-4517-48c3-b87d-f58179b8ef73,Aklays embay,https://play-lh.googleusercontent.com/a/ACg8ocLizXcOzx50VsImReoaS_cRt1QrduLam5ATNmNTT8xRuBAA0g=mo,best,5,0,25.03.07,2025-03-21 12:32:05,,
6b5a5455-dcd0-4a2a-8cbb-f0deb5706498,Rakeb Mulugeta,https://play-lh.googleusercontent.com/a-/ALV-UjX1VVX2AC5KbOYILSBO_pFAdZNJCxr-eZ04qJ0OD5Y00RIVDaLO,i have went to the bank so many times because i couldn't make any transaction i can only see my balance nothing else so what is the point of having mobile banking if i can't make any transaction with it please work in that,1,2,,2025-03-21 10:49:11,,
cd4e2229-6495-42e6-bd2b-3ff710dc9663,Muhammad Hamed,https://play-lh.googleusercontent.com/a/ACg8ocKhmPc3kz1wW0Vhlz9XuILDbvBB1pqweCmU1opkbeMeSW8ZWw=mo,good,5,0,24.11.22,2025-03-21 06:06:10,,
643f52aa-9981-4dfb-b058-573537f62ce5,Miky Mal,https://play-lh.googleusercontent.com/a/ACg8ocIbpqGW8DqSJKRh3qusrUECKyqllb7eGqhgkqvUx_22Mv1mqA=mo,good,5,1,25.03.07,2025-03-19 21:15:38,,
376f374a-f480-46e2-bb4a-90e938ab3a59,Mickey Justin,https://play-lh.googleusercontent.com/a-/ALV-UjUf8oSe2sn7dlDbNMS-H7541KC8NlHCBlcNIpvIhS0pT1QJ_W4,there is no speed,1,0,24.11.22,2025-03-19 19:12:01,,
c5cdb617-4335-491d-89ce-9c1aab9b0b2f,Noah Daniel,https://play-lh.googleusercontent.com/a/ACg8ocKQpSKVHU0UhCOeoZsA99QNxGYpR939DTIZgtHM2eHNlocFJw=mo,"For anyone who wants to download it, just don't!!!",1,0,25.03.07,2025-03-19 16:02:57,,
26f2b9fc-1707-4e54-b04d-c9915a1e9a54,Ararsa Dabale,https://play-lh.googleusercontent.com/a/ACg8ocIZnuf99fQ4lH6n3GU8AwdBUCclYHBJSCVEWSczT6JukIkXkQ=mo,wonderful,5,1,,2025-03-19 13:58:10,,
799f010a-f795-4ad7-ba24-b67c4939529e,Usman Umer,https://play-lh.googleusercontent.com/a-/ALV-UjX-A7fDi_Xn42Mcm2NOZEGfpEUADo4wczNT9kHLUoYnY5_qGhlr,all worck,5,1,,2025-03-19 12:55:57,,
3398c0cb-ea22-4b3c-b7ff-fe0695c2dc6d,Kassahun Asres Yimer,https://play-lh.googleusercontent.com/a-/ALV-UjXOfFf1n_n_3agpiNl8Oq75Y3kupNFbVeSzCWx47ymEBnvarW7e,Best app,5,1,24.11.22,2025-03-17 01:23:13,,
e39414aa-0b2e-4c4d-9a21-8302487cdda4,Muluken Sewunet,https://play-lh.googleusercontent.com/a-/ALV-UjV7-nHhtWwbjz5lFXxufv3DTFMMZQSl02qSCWFlC76ndCzWB26S,Loved it,5,1,24.11.22,2025-03-14 17:57:04,,
c9a192de-b018-4dde-b0d0-b0201be0c3f7,Abdu Mille,https://play-lh.googleusercontent.com/a/ACg8ocIKSBCTUKUSbSZXpCiTxPpTG7Mmo6fs-i5pWn256l7eD_TRnQ=mo,Wow,1,0,25.03.07,2025-03-14 03:37:53,,
7d475f3a-15b4-4e56-ae4b-1fc451749e61,Betanoise Shi,https://play-lh.googleusercontent.com/a-/ALV-UjWwiFzWQWfUAtfjPNZHbp_KrUNfO_2sMumta20H2N8SnPsMW9r7,"Edit: New bug, app not letting me type in my otp codes. Shameful Why does this app not allow me to use it while having developer options on? Did y'all consider that I might, perhaps, be an actual developer? Why am I expected to toggle the option on and off just to bank (restarting my phone when I do)? Why is the message labled as somthing that will ""smoothen"" the experience? This is like the most ""security consultant"" thing to implement in an app. Please invest in actual security, not this mess.",1,130,25.03.07,2025-03-12 22:41:25,,
e68af2d6-0770-4110-b3dd-167bb54cd017,Fanuel Gebremedhn,https://play-lh.googleusercontent.com/a-/ALV-UjUokUV5tiiptS8Elef8L13BqiR4oknZ7-8FX6b8sMN4tDPORlHa,Improved to be the best,5,1,24.11.22,2025-03-11 12:32:31,,
a9e99120-460c-4cc0-8978-d1d601b89258,Merkeb Bonitua,https://play-lh.googleusercontent.com/a/ACg8ocJlW2AGBQ1uottYfDFe3WPATgsKYjGZzCJxON5rcX_XmfiPxA=mo,BoA,5,0,24.11.22,2025-03-11 10:51:57,,
0e5e093a-1cf1-4c49-87ed-046888b8afa9,Nati Man,https://play-lh.googleusercontent.com/a/ACg8ocJoSKu3qrT2tWJn0-ef8I4N1pncAiOOBW_I6SKxvZpBhVyZMw=mo,"Decent, but there problems sometimes it says error When i transfer money but infact it transferred because of this bug i transferred 2 times instead of 1 and also we can't transfer money to others telebirr acc we only can to our self BOE Dev fix this !!!",3,3,,2025-03-11 09:22:01,,
35ea7b31-46fb-47a7-b9c4-8a5e06161abd,DAMTE BIRU,https://play-lh.googleusercontent.com/a/ACg8ocKxLXqX9zh6ZR06K7_JNE8Rlt-RNCh2keZJkBXvSqwVMk69SQ=mo,BoA Greqt Ethiopian bank.,5,0,24.11.22,2025-03-11 08:31:05,,
c9f8ff21-b8d1-400f-bb94-c98399a25ad5,Bamlak Sintayehu,https://play-lh.googleusercontent.com/a-/ALV-UjXB-UU_XEeGfWyHcMVo0jwChi13gQnx_cZFC_nJCgsn80kG8d8,"The bug is still there,the app crashes every time i try to log in, especially in old phones like my Galaxy A32",1,1,,2025-03-10 20:11:15,,
df027023-1b65-40e9-b2bf-de6fedc17c5d,Biruh Alemayehu,https://play-lh.googleusercontent.com/a-/ALV-UjWntoipD3mJklFsfuOmEXSM-_eKctfo7P2Zbp2fUgkQOp0Gv1VM,Almost better compared to cbe where it is not qualified for,4,0,24.11.22,2025-03-09 11:50:02,,
73ce76e4-b7a2-4ed8-b6fd-f9b388bdb4a6,Teddy Abayneh,https://play-lh.googleusercontent.com/a/ACg8ocI5qBqlzQdwbrO7evldVwAEBPArhIptGQfqyv2yv7D0NamS8r8=mo,what awesome apps. it is very simple to use and more much important apps.,5,1,,2025-03-09 11:34:30,,
1cfcfa11-67f5-4315-9f2d-f47ab27f0910,abrar yasin,https://play-lh.googleusercontent.com/a/ACg8ocJmoxUxnQnUu1NsBnzsMh1LLP82J5L_liHoGXdhHgrQZWSCBQ=mo,Wonderfull app,5,0,,2025-03-08 10:23:26,,
c292d2f8-1e0d-46ae-97f2-f3215a0bdf50,Djejaydh Sj4ydudg,https://play-lh.googleusercontent.com/a/ACg8ocLDFf0usIQRhKCSPmprfRA1RrysZMFslhcIIXZYY1Nj5BngXA=mo,i can't use this app why?,5,0,24.11.22,2025-03-07 14:28:00,,
1962d1c4-e2c2-4ac7-91b6-b0a75ae11d7a,Abel Tesfaye,https://play-lh.googleusercontent.com/a-/ALV-UjVIYC92EdgEqTJoHj55sKZYnWbOabm7fjrhMmSx0h4qJxxHC4u_,Worst mobile banking app I ever experienced I was blaming other apps but comparing with this they're too much better!!!! It clashes it takes much longer time to login while loading in short it's a complete of trash,1,5,24.11.22,2025-03-06 22:44:28,,
ab7b2d7e-b707-4546-b9ec-ad0da2cb9015,Demlash Demlash,https://play-lh.googleusercontent.com/a/ACg8ocLDToXQqecubnH97f4m4yd6C9tealfqfed7ZoszSwM0g38gzq0=mo,Wow,4,0,,2025-03-05 21:58:05,,
7d468428-1ccb-4528-9984-9324db9b9d2b,Tarik Teshome,https://play-lh.googleusercontent.com/a/ACg8ocKjF3w_XqtJYtX8awCVXVDlcExHXSRabs-OhuBsV3fca838Ag=mo,bro the worst app made by human kind!! as a software engineer it make me so sad seeing enterprise as big as BOA make apps like this. it is a disgrace for our country!!,1,0,,2025-03-05 15:03:56,,
ab512ec6-2eaa-496c-b0a9-ee21a2d810be,GENENE NUSI,https://play-lh.googleusercontent.com/a-/ALV-UjU4Q3v16iBmjuG23kwnQ2mvHm-oSXuG5VqmujALWhPKF_jhhxVhig,AGA B Girja Miss language of admin Afaan oromo & other Itoophiyaa languages,1,0,,2025-03-04 20:03:40,,
06384ab0-33e4-4d40-9ff0-735d46c30c17,·¥Ä ô·¥Ö·¥ú s·¥á…™·¥Ö ·¥Ä ü…™,https://play-lh.googleusercontent.com/a-/ALV-UjU9X-7lXrsfRCD8TF_gN_3IR0EdoosZem-vDBOP8Up0sGpZXkM_,Good app,5,0,24.11.22,2025-03-03 16:47:22,,
49b877c9-5536-4be5-8674-e3ae975fa0ed,Cyber boy,https://play-lh.googleusercontent.com/a/ACg8ocICFlKeHKgnvkHobS5K0iNiXYmssT2ABsjVhtrH69xcfpTi9g=mo,"I downloaded the app for the first time while reading other customers reviews and as soon as i installed and opened the app it closes back automatically, what unserious bank, now i uninstalled the app immediately",1,1,,2025-03-03 09:24:29,,
529fe570-b1aa-48b7-b349-444b98c1fce7,Merkeb,https://play-lh.googleusercontent.com/a/ACg8ocKcytEOjJsrdcVRlevcycaEiUKgHpYh4-bDOcmBPqGnVUaRROA=mo,It has good features but sometimes it doesn't work...0,1,1,24.11.22,2025-03-02 17:02:17,,
12f08f68-da19-4974-8086-304a40091d72,Mahlet Fassil,https://play-lh.googleusercontent.com/a/ACg8ocI23URqXuBrZrgoQb2CtETeidXWmsVUP1qw0hrzisNzjh7yV5jX=mo,Very poor proformance,1,0,24.11.22,2025-03-01 23:02:44,,
b7206c5f-267e-44f1-b044-8f6f9392701d,Wedi 20,https://play-lh.googleusercontent.com/a-/ALV-UjXDxbPokOspU9ZXpiPWTBjoENmSXhJzBiuziLIuwpMu6lcbBgqh,It's not opening. Really frustrating,1,1,24.11.22,2025-03-01 17:18:34,,
d5e46c35-6bbf-4ce7-b184-cdc4c1e0eab1,Diriba Desu,https://play-lh.googleusercontent.com/a/ACg8ocLzVquDctCl9qLs03VhIUZaDxDKGX7Fp7386_tYK5kcKDeEPQ=mo,Verry Amazing App from all IB,5,0,,2025-03-01 11:35:08,,
99172a2f-926c-48be-a1b0-3971b984b6b2,Zenebe Abebe,https://play-lh.googleusercontent.com/a-/ALV-UjXbc_yPmYGPor7cZPdkgHwjBMamb8VWNye-nuI4I7EZ-pUe6D6C,Not working on this days,1,0,24.11.22,2025-02-26 13:29:28,,
781ff61a-6f89-4bb1-a455-9b66400b0cd7,fitsum tesfaye,https://play-lh.googleusercontent.com/a-/ALV-UjW4SdXTIqFftZVn0b73mUtJ1ifHezluMhPN0LZ6u3NhpaYs3nD3,Thank you BoA,5,1,24.11.22,2025-02-23 11:06:47,,
cf026bee-94e7-4b9c-8a46-034354f9d171,Eshetu Amsal,https://play-lh.googleusercontent.com/a/ACg8ocJgBXUHl168hc0VgZuc-0dKkWOAheUO7UmfoWCfeCkXlwZZAg=mo,best banking app in the wworld,5,1,,2025-02-22 19:58:17,,
9035f28b-9646-4fe9-80e1-6b6926b0289e,Yebelay Getnet,https://play-lh.googleusercontent.com/a-/ALV-UjW5pVVdDFWClMf9cm_IPXFlkOfZYfnRT-XiHocDNStHofXtXN8,Nice app and it's easy to use,5,2,24.11.22,2025-02-21 12:41:42,,
25b7eec9-d1ef-41be-8bb3-3fd1b1cb8068,miki,https://play-lh.googleusercontent.com/a/ACg8ocILvBTtCBgtXCBfDg6l4_1_4BmDhiBmyJUK4YisbPleDz5T7g=mo,"please add language in the apps setting(amharic afan oromo, tigniya,and others) sometimes bank to bank transfer is not available through time and even if if it is available not reachable‚Ä¶it is serious issue!",1,3,24.11.22,2025-02-15 18:15:50,,
5e94fa10-612f-4422-8183-00d5050e8d98,Teshome Tesheberetu,https://play-lh.googleusercontent.com/a/ACg8ocIfhs794nd8VWpxrbMsv8srRJcmthWj0lTS1RSkGHd7YQgy5g=mo,This is help full i like ittttt,5,1,,2025-02-14 21:09:06,,
8d82d36e-ff01-40ab-83e7-cdb44af38a8e,Fisseha Legese,https://play-lh.googleusercontent.com/a/ACg8ocKUimuiQJWJlQ77iHgs0-jzNucDPBIyYW9UhleSU6yXfjSYVA=mo,The is not functional at all?,2,0,,2025-02-12 11:31:48,,
9b460da8-c607-47ba-89a3-76896c16c1e4,Huzeyfa Jemal,https://play-lh.googleusercontent.com/a/ACg8ocLVMlc-nlkj7ih1H391StzgpMTFES2IvbJyxVhsUrmJUsVpUA=mo,Best bank,5,1,24.09.30,2025-02-08 11:08:52,,
d77a87f6-2a20-4b6b-b7fa-acbb3d19b636,Zola Man,https://play-lh.googleusercontent.com/a/ACg8ocI0xeC1OXUeseTpId4Ll11CjG5vxZqd_Wf7Lx5ImTavednFog=mo,Make it easy and convienient to use and perfect for all to high prefrence and choice.,3,2,24.11.22,2025-02-07 09:28:37,,
37f0b34c-355b-425d-975d-04d8b8d3dd55,Adon ‚ÄúAdonaray‚Äù Araya,https://play-lh.googleusercontent.com/a/ACg8ocJy-RUp1Z3dYj0fz89qcUhFcnOEn6RjUvSz8kACVwdV_LyJ5w=mo,good,5,1,24.11.22,2025-02-05 07:32:27,,
9c6f465f-7a3e-4fc6-9366-b5bcb418055c,Nati,https://play-lh.googleusercontent.com/a-/ALV-UjUReMdaULk55TV9yhpHafVusFSOV1_xkyzAj_Lc_c-96q0UxL4,üá™üáπüá™üáπüá™üáπüá™üáπüá™üáπüá™üáπüëçüëçüëçüëçüëçüëçüëç,5,1,,2025-02-04 08:48:51,,
63c608e3-85ac-46ab-a948-1ab4a81bd575,Haben Hailemariam,https://play-lh.googleusercontent.com/a-/ALV-UjXrls5afbXxZzuXpdoiZ6eii3DuuhX0RcuLd9E5x_4405I2c4Xr,I have been using this app for two years.It is amazing.,5,2,24.11.22,2025-02-01 00:18:26,,
6c922400-a56d-49e6-b5c6-d4bd7f806962,Adama Adama,https://play-lh.googleusercontent.com/a-/ALV-UjVHDmA2N51fCi2H3LzxTj9LqgHiJE1GoPPOglpmKyz2vn0BD7g,Good üëç,5,1,,2025-01-31 17:46:28,,
d36c1143-5ada-44f9-a679-c90ac5fd5d5c,Feysel Muktar,https://play-lh.googleusercontent.com/a/ACg8ocLkRM4OjiAtFrcLrvG87smIQoFML5uKVQ6ox6VahfKFtjLEnA=mo,Sad experience,1,0,24.11.22,2025-01-30 20:27:28,,
c3b78417-6822-48b0-8c40-6f5f96d0e2b2,Mesfin Wegayehu,https://play-lh.googleusercontent.com/a-/ALV-UjVes2kPwhLvSvjvJDVs9zAr3OkZYFsCCvN7mRenhW_84w0tJ5ot,Always do update and that is annoying,3,0,24.05.07,2025-01-27 09:11:12,,
86e6f672-4fd3-41dd-a49b-21e48aef587d,Bekure Abate,https://play-lh.googleusercontent.com/a-/ALV-UjW0ku-IYQaTnN03dGAZ04BW3dJEUN1bcp_zKjElnI5HoE1sLzA,"Best app, somehow waiting a few minutes",5,2,,2025-01-23 16:02:28,,
7b07593c-a036-477b-b2d4-4e53fdc4c75e,Mohammed Duri,https://play-lh.googleusercontent.com/a-/ALV-UjUmVhW0gnVKfoYAxFbuXcg8FrIbEERcOJ4gRHgKozBGqS2o7ICr,I can't dijitalize my atm in the apollo app on my phone,1,1,24.11.22,2025-01-22 06:05:22,,
06ad47bd-3a6a-45b4-ae10-6dd4170bc254,Chol Kur,https://play-lh.googleusercontent.com/a/ACg8ocIeHqpfDmsMZWy34wsTNwyiFAAvjhD-DIu8yxq4OUO6ZFhkIDs=mo,Whenever I try to sign in app close please fixed it out,2,0,24.11.22,2025-01-21 19:34:22,,
e81c9036-4731-497a-ac35-81dfd3e7f42c,Segni Tufa,https://play-lh.googleusercontent.com/a/ACg8ocL5DnHD10hX0leH502um7j0YgvwKGQnAEaJk4DtVvAph5n7JA=mo,Beter,5,1,24.11.22,2025-01-21 12:47:47,,
feea8767-74e7-472a-81ba-7c8968b67b14,Abeba Berha,https://play-lh.googleusercontent.com/a/ACg8ocJHfWAWyiuf95wYaDLBhCcmZBW5RRE92XIXdrx5YUHaIFk6hA=mo,Boa,4,0,24.11.22,2025-01-18 16:17:34,,
6c01b8b7-76b7-4f56-a822-bdf7674d30a0,Yitbarek Misganaw,https://play-lh.googleusercontent.com/a-/ALV-UjUo75XGG-996WcNZla8w40Cl09MuRiUI0qL7c2EL6Ym_boTijo,·â†·å£·àù ·ã®·àö·ã´·àµ·å†·àã ·ä†·çï ·â†·å£·àù ·ã®·ãà·à®·ã∞ ·ãú·àÆ ·äê·ãç ·ã®·àù·à∞·å†·ãç ·ãò·àÆ It's not App it's very slow ehhhh. Why don't you upgrade the app???? It's always zero,1,5,24.11.22,2025-01-18 13:33:28,,
0a72e292-175c-4f96-be54-991436c22c8e,Adan Axmed sh Barkhadle,https://play-lh.googleusercontent.com/a-/ALV-UjXGWX5UVJMPhvXy7w65lC3jQSx0zu6SIz9hhnVd6myvelfAA7c,Aadan Axmed Barkhadle,5,1,,2025-01-17 19:23:05,,
591be00c-a536-4f4a-9095-1c6dfa6afe14,Ashenafi Tamene,https://play-lh.googleusercontent.com/a-/ALV-UjWbrnyQjos497cWPDrCLMoStM2VgyyH7lUFxdnlEuDAXxgjQDw,üò°üò°üò°ü§¨ü§¨ü§¨,1,0,24.11.22,2025-01-16 12:46:26,,
46c41e87-0d7a-491b-8641-2c1acdaddea3,Milkyas theodros,https://play-lh.googleusercontent.com/a/ACg8ocJu7z0Smvskc7Z71L7qJkxhJSljbHarA0WtW4_2RiBqVYB4tg=mo,Horrible customer service and app crashes Horrible!!,1,2,24.11.22,2025-01-15 13:24:17,,
9f4f98fc-8a93-414d-9219-f03dbebaf5b0,Yishak Wondafrash,https://play-lh.googleusercontent.com/a-/ALV-UjWHIQImJiXLbJ4T3z_fNTdLZrHmMwBpeQJDd_AJn0DGyrds5lA,I love it,5,1,24.11.22,2025-01-14 11:17:47,,
bd70c04c-b85f-47ac-b1e8-db0279790bf8,Metalgn N,https://play-lh.googleusercontent.com/a/ACg8ocJRXG1L3XdGzPuKWOak7oZ3UnA13MXBKXwa8JVlO1mNiZZ9eA=mo,Best,5,1,24.11.22,2025-01-14 11:14:00,,
1c339143-79e1-4f37-9ea7-398b7844903b,Abdisa BirUK,https://play-lh.googleusercontent.com/a/ACg8ocJlKQewCj_KU8zEwVGBH50bzkvhMKi0WgIwwOhM0xEOKVVpOUk=mo,It keeps asking me to turn off developer mode even when dev mode is off. Couldn't use it.,1,6,24.11.22,2025-01-13 15:45:23,,
30494702-39d6-493b-be77-d2a0f116ba73,Mesay Abdi,https://play-lh.googleusercontent.com/a/ACg8ocKiss7Mfhplcw8R4Jzv1H7uZ8PpUfCxi1kZzwSdZrCwsx6tUA=mo,Goodüôè,5,1,,2025-01-12 02:27:14,,
5055c357-676d-41eb-824d-48f9e78f41e7,No Bad,https://play-lh.googleusercontent.com/a/ACg8ocJf7OX8qeCALbtkkaWZbYMoOo7CjWeEWdfpw7qhAFM9lFUGjA=mo,Like to much,5,1,24.11.22,2025-01-11 10:43:49,,
94acd1f3-c7e3-493f-9ded-b1f4186ac41b,Osman Ahmed,https://play-lh.googleusercontent.com/a/ACg8ocJ4whc020Q4IHQ2eyVISz62rKPNehqH2qSWZ0LSd7GqZ3SiEQ=mo,Thank you,5,1,24.11.22,2025-01-10 19:24:54,,
b3df844f-7e31-4b64-a029-381687431ca3,alehamdu bedeu,https://play-lh.googleusercontent.com/a/ACg8ocIqZV2zNxWbxf1nRVme0JibXp9yBVOBpg_YhZ6VVB8xe8yoLBo=mo,Perfect,5,1,,2025-01-09 19:02:07,,
0fbb5047-8399-4b6f-b063-ddcdeb3e209c,Daniel Tilahun,https://play-lh.googleusercontent.com/a-/ALV-UjVqjNJJGTD3MQIRlD0jZy9GkukHwW3N-wkksF-T9iCEs47A-5Ut,The best of best,5,1,,2025-01-09 15:57:55,,
fb9a7444-76cf-4f2d-a8be-72d3009a034c,Abbuu Ko,https://play-lh.googleusercontent.com/a/ACg8ocLQde0N8jF_EzgjbVD5aqfYxag-GIMRsFbVupIRUMyRtS_Uxg=mo,I was using this app for long time it amazing user friendly UI but the i can't found for get pin button in the app,3,0,,2025-01-07 12:26:17,,
84b69538-8ba9-40c5-a8fa-2594a180d28b,Workneh tadesse Worta,https://play-lh.googleusercontent.com/a/ACg8ocL0A8OmgIQ_hjleISvxKNQXBCH35vGsRw8Nv5RYr-C0ZUEjiA=mo,Boa,5,1,24.11.22,2025-01-06 08:43:09,,
4b5e8c4c-197d-42c4-bcbf-5765ec02a62b,Alias 05,https://play-lh.googleusercontent.com/a-/ALV-UjVbHNwgBb-tWHzftXBkSzTLsCBN8KVB-f_EBX_D-SvQvMl5FvAQ,Great üëç,5,1,,2025-01-04 16:59:09,,
9bea391b-234f-439d-a844-47d0c839a89a,Ze Robel,https://play-lh.googleusercontent.com/a-/ALV-UjWGyciHCvbyy-ZFBpisIICXrZZGkFu2ZFrFf1gQ0eGzBzNAhwk,Fast and suitable for the customers.,5,1,,2025-01-04 08:16:44,,
126026cc-90c8-4e55-81b4-46c7a87a7d88,Fekadu Abera,https://play-lh.googleusercontent.com/a-/ALV-UjW1Icvuzk8HtdO6n5JzTFWgIHOvBUmg8ERVp2PxaBBGj_xzeWU,Good üëç,5,1,24.11.22,2025-01-03 20:59:49,,
cd4d09a6-07d1-44e8-9b1e-d990c3b0b70a,Samrawit Nekatibeb,https://play-lh.googleusercontent.com/a-/ALV-UjWVUvyLW0xp7z_Y8eVV0kbSwCDPgK96o-pTy7SgSIRGvQW_-Iq9,Good app and helpful,5,1,24.11.22,2025-01-03 15:51:42,,
a7888312-64d5-44d6-b708-a6d29b168825,abebe mekasha,https://play-lh.googleusercontent.com/a/ACg8ocJnfrWqbULh_CoB5I_tJSfvGFj78DQIC3mIe8WtEGtaVso7NA=mo,"I will give only one star, because it faced with multiple of problems. 1. The app is not as fast as the other banks App, for e.g like CBE 2. The App asks repeatedly to switch off developer options, even if it is switched off. 3. Bank of Abyssinia's services are interesting, but they ignored the issues on the App service. 4. Most customers gave a complain on the App, but no one accept their complain to fix the issue. 5. Lastly, I will not recommend the App unless the issue has been solved ASAP!!",1,19,24.11.22,2025-01-03 07:56:58,,
800bc191-3aec-4666-9f08-4a393dc8501f,Sisay Tesfa,https://play-lh.googleusercontent.com/a/ACg8ocKKSoewBcFvHOHf-l3KBTFeInZi_5BKYUt8ISI0eun0si9LiA=mo,By assessing this you can tell Abyssinia bank has no idea what mobile banking is ?,1,0,,2025-01-02 15:31:28,,
c194a70d-aa2b-4775-8da5-bf51d1c51d2a,Amaha Teklay,https://play-lh.googleusercontent.com/a-/ALV-UjVDqWeF0h5gJacaqhP_bRNPqdq86i-XEqqRnwE3vipMgpCS_LQ,It doesn't work at all.,2,0,24.11.22,2025-01-02 13:24:09,,
06692c6b-978f-4b52-bb83-6c38a11b2822,Ismael Abdella,https://play-lh.googleusercontent.com/a/ACg8ocJGtaHhQhHu6AIfQN5FfxSXrzEuFXgt2bQ5p5s0G2m4cj-5mQ=mo,this app is not available,1,0,24.07.04,2025-01-02 08:46:51,,
ccce0a29-6770-4fbc-b54e-9ecaf0f2cb6b,sofonyas eyob,https://play-lh.googleusercontent.com/a/ACg8ocJP8tqLtbdHo7O7qAG6-E7EZC0aZR5DFtNdfyBZa9ap7mDDKg=mo,Best,5,1,24.11.22,2025-01-01 19:59:05,,
89d3f60c-c554-4f6d-9436-ec9c80e8565f,Haa Maya,https://play-lh.googleusercontent.com/a/ACg8ocI3yB32YNXjYerxLieek-7ADlF9EvubGqTYE5fyBZXOCQH0Tw=mo,Wow what amazing,5,1,24.11.22,2024-12-30 21:45:24,,
3988392f-8e33-44f3-806b-557e12954c67,Meswani Meswani,https://play-lh.googleusercontent.com/a/ACg8ocIpxxO1FIxB03-aZIYtWDatWhGbt3PRansCM9E10AHYuY6kbA=mo,love it,5,1,24.11.22,2024-12-30 19:30:43,,
b15954f4-c1d9-4b68-af8d-46e8df7a29fc,Hasen Teherku,https://play-lh.googleusercontent.com/a-/ALV-UjWDkbN98XtglWaFfjqRb0xReosVfu5cUV2CgqIr0T62oYXgLSOU,·â†·å£·àù ·àò·àª·àª·àç ·ä†·àà·â†·âµ....... ·àà ·â£·äï·ä© ·àõ·ã≠·àò·å•·äï ·àò·â∞·åç·â†·à≠·ã´ ·äê·ãç ::,2,0,24.11.22,2024-12-30 16:08:06,,
c3a41a6c-cb85-4083-93d4-3bd6a57a339d,Abdul Hakim,https://play-lh.googleusercontent.com/a/ACg8ocJFc4d1BF89fNBz0uBYilBmRnwV5Ine7Swfz9KLhM_oU8MNgw=mo,Lemn embi yilal??,5,1,,2024-12-30 16:01:11,,
27be3e55-033e-4be6-8a72-0815f09f8df7,Dagim Derebe,https://play-lh.googleusercontent.com/a-/ALV-UjWia5obgIL56UIZ9DYNTXOlk0MpTZkLVdYLqQPgnS4i9_ua_ZI,Good,5,1,24.11.22,2024-12-30 13:20:13,,
ea3d98d4-671c-4ac5-ab1d-f4d9177b1947,Mahi,https://play-lh.googleusercontent.com/a-/ALV-UjUZeW28nLE8NMK_hWas8qKZhx18HtQhjt4ObZdua-czqZxbAWVW,It's useless app downgraded.,1,0,24.11.22,2024-12-29 13:19:05,,
2d52d1a5-525c-4655-b858-e8d0d2e20bc2,Abemelek Fasika,https://play-lh.googleusercontent.com/a-/ALV-UjU3LHZFA66WHyZ8JIqw9DpxQsoVJS_Ew0gn8myEouUAEBrV3FTr,Why is not letting me access my account. The whole point of this app is for me to gey access to my account without physically being at the bank. I would give it a zero but a one will suffice to get my point accross.,1,8,24.11.22,2024-12-27 13:28:26,,
e5e17a9f-1d1b-4f8e-a984-9a43eb48f8bd,·ä†·àô·à´ Amura tube,https://play-lh.googleusercontent.com/a/ACg8ocLHcNhiaHnvRu1OoCfKoy3bgtpHM9l1x1cv8v2y0987f0OE0Ys=mo,Nice,5,1,24.11.22,2024-12-26 19:09:33,,
6f08a7e9-d374-4337-aa1c-929bc4157b1b,Yisehak Tesfaye,https://play-lh.googleusercontent.com/a-/ALV-UjWyNQNz6NBQaD9Mn0sxardUJIJcf0nn78BA74v79B2plzJQk0Q,When are you going to get rid of this and have a real app that works? By far the worst mobile banking app.,1,2,24.11.22,2024-12-24 06:27:54,,
2e488711-7c0b-4546-b00a-bc58f90177dd,Lemuk,https://play-lh.googleusercontent.com/a-/ALV-UjV2PShqwdBw9ZJirDVR-PvVp8iZqeEeaFyUUhWBBHBEoAwWzGJ6,·ä†·ã≠·à∞·à´·àù ·àº·àù ·äê·ãç·ç§,1,0,24.11.22,2024-12-23 17:03:45,,
4081310f-afcd-4c93-a22c-e9bd240129a9,Mohammedsaid Mohammedsaid,https://play-lh.googleusercontent.com/a/ACg8ocIiaWAbxlsCKMloZ9YuUpr8gNiL_7LovQB4kZGT7z2QP65e=mo,Not that much bad,3,0,24.11.22,2024-12-22 11:12:44,,
80aa6fcd-465d-457e-a55e-3fd747d894bd,jemu Moha,https://play-lh.googleusercontent.com/a/ACg8ocK8Ngnt2wpGVn-LP61l7tQ2xS1Kjnndxv6mYBxty1fA5GfdThLP=mo,Fine,5,1,24.11.22,2024-12-21 02:16:46,,
6e64d84c-1cec-4122-91d6-049d64f0b1ad,Habtamu Mekonnen,https://play-lh.googleusercontent.com/a-/ALV-UjUXWiECzq5rrQv2dkomOCEJuhNISFFilddn7iLDbID2-vpw-g3h,The dirtiest application ever seen...,1,0,24.11.22,2024-12-20 19:09:23,,
355cd8fe-a56a-4955-a4ae-c0cfe1fbdbcd,Teddy Aweke,https://play-lh.googleusercontent.com/a-/ALV-UjWjjLd4UtGNTRxjxJODDNbZdufEBmDlzg3RmUFnhRnF5vl9esBl,Nic ap,5,1,,2024-12-19 20:08:34,,
c44d86b2-4bea-423b-a3d6-069baf1a492a,Mengstu asefa Shiferaw,https://play-lh.googleusercontent.com/a/ACg8ocL03yyqDm8e9ImzDb3xwHvErqZy03MKbdM6iLM6QFfV0h70iQ=mo,The forest app ever,1,0,,2024-12-19 11:07:06,,
f467c327-ab9b-4e79-8d97-2e1b573f6c98,Hamon,https://play-lh.googleusercontent.com/a/ACg8ocLmNzB-Bm_1-3gAW-vGszZeOCppXWUrjIgEtdEaN0SrCdXNReA=mo,"I love BoA more than anyone but they are cursed when it comed to mobile banking. Even though this ine is hetter it still s*cks! It will ask me to turn off developer options other wise it won't work! I use CBE, Awash birr, tekebirr, Dashen bank and others but non of them asked me this, why only BoA? Please improve your mobile banking, be competitive!",1,8,24.11.22,2024-12-19 06:02:34,,
8b6153b2-b998-4cc2-bae6-a27ff50642c9,Muse Naykin,https://play-lh.googleusercontent.com/a/ACg8ocIIo6LU79fWnRedjPoiSCOW8n-cJqKKs1saEfSeCUAPhIr7qA=mo,Bank of abissena,1,0,,2024-12-17 21:21:09,,
dfb241c6-73c4-4cf3-9b91-dd154d0a541f,Abiyou Getachew,https://play-lh.googleusercontent.com/a/ACg8ocJtrpk0-Uz12TXMCXYH2Nn3X88EmC9yg_RhMwof6ZzRfc8KOQ=mo,Good,3,0,24.11.22,2024-12-16 19:29:33,,
b9b684de-8146-46ae-b1fa-8f07272c6fd2,Natnael Zelalem,https://play-lh.googleusercontent.com/a-/ALV-UjV2T6n-sh22KOhHJdvChVExeCnO5KQERSKLb0qBg0AqEA5-IMM,"Easy and sooo simple to use it, also its easy to stole someones money using the app",3,0,24.07.04,2024-12-16 13:02:26,,
baea25ff-25f4-4327-81c5-2681be122ee9,Yabu 12,https://play-lh.googleusercontent.com/a-/ALV-UjVqYApr6-k6DLn2UfdvQHmaZElt6bHvqNHkJqy-F-tucLu_BDqG,GOOD,5,1,24.09.30,2024-12-15 01:02:24,,
56e4df5e-cfd9-4c86-b9b7-ec322a07674e,Kaleab Leyessa,https://play-lh.googleusercontent.com/a-/ALV-UjW367b98SqaPA9J-7GO9QPhPDe-hyUYaX0710WFFAwhzVxmyFA,The worst banking app ever. Never works!,1,0,,2024-12-14 08:45:35,,
e4c77ae3-0541-45b5-84da-a02029e99719,biruk mulugeta,https://play-lh.googleusercontent.com/a/ACg8ocLqkGZqaZpm7D8BdqwECP2uzw61BmhVCsDfF_KyCyOzOQdbfg=mo,Poorly functioning app,3,0,,2024-12-13 12:55:02,,
5c671d11-5836-41bc-a33b-ade0a31299ef,ŸÖÿπÿ™ÿµŸÖ ÿ®ŸÜ Ÿäÿ≠Ÿä,https://play-lh.googleusercontent.com/a/ACg8ocIPYyciil5dypqVR9wA_-vRX-mVIBb5lw3oXvBj8bnGbnHLlg=mo,Very nice,5,1,24.11.22,2024-12-13 10:57:24,,
56fe3f96-f2d8-4b8f-9766-8305907650d0,Aman Abebe,https://play-lh.googleusercontent.com/a-/ALV-UjWIXa6rpvAZy7VDD4doMARWEpCwNbFHdnXw1gLGlOjOcRowsw,Your system is the worst you should do betterüò°üò°üò°üò°üò°üò°,2,0,24.11.22,2024-12-11 06:08:14,,
2795b1e3-ccdc-4b4a-8c25-cd4c6cc0d2ba,Matias Kebede,https://play-lh.googleusercontent.com/a-/ALV-UjWoe72JjzlnuPlFAP-LkiZeZwhOwZKMlpbdlkpdJQ6duvPuTA3sIg,It has been a while since you guys started giving the mobile app service but still couldn't get it to work. I'm sure you know that it doesn't work already but not sure if you're lazy or incompetent to fix it. You are losing business because of this. Complacency will have consequences.,1,19,24.11.22,2024-12-10 09:43:57,,
93bee220-7c85-4d30-ba6f-c8168c201b5a,Siem Kibrom,https://play-lh.googleusercontent.com/a-/ALV-UjXhX7rzu8tDLpYokVGoO_AzE87E9s5E50Ymdo1yGfFERJZuiRc,"This is the best app; many features are awesome, but it should work without the need to turn off the developer options. I'm tired of having to constantly switch the developer options off and on. I've been expressing my struggles about this. I have precious settings enabled in the developer options, and to open the App Boa app, I have to turn them off. Please help us, Abyssinia Bank. I hope you can provide an update soon.",4,38,24.11.22,2024-12-08 23:16:05,,
6fe3a0f0-e9dd-4dcb-81ab-e478b1239d55,Surafel,https://play-lh.googleusercontent.com/a/ACg8ocLyFeXuklzKqQ3lfgQivQYLVhdSKt4MGa-p6s8x45fURyEY=mo,"I‚Äôm giving this app one star because there are no options below that. My experience has been incredibly frustrating due to the extremely long loading times, and the app even closes automatically at times. People choose mobile banking for its convenience, but this app is far too time-consuming, making it the worst I‚Äôve used. I hope improvements are made to enhance the user experience.",1,425,24.11.22,2024-12-07 22:40:19,,
e19dc960-bb76-4c1b-8c49-3da106847b0d,Lina Yonas,https://play-lh.googleusercontent.com/a/ACg8ocIXj3C5jRyYeGeab9yKzdXAZ8JQcrdsd6KX7txtVO50Bran0g=mo,Nice,5,1,,2024-12-07 18:00:27,,
9815bb8a-2108-49fe-8292-fb360aed8331,Emmanuael Asrat,https://play-lh.googleusercontent.com/a/ACg8ocKRDCszCOez4HIQ8fNnbmfSWqZcAZ2sgfKZBS7p2DBAvf0zqYo=mo,Very unprofessional and mischievous bank in my opinion. I have had several occasions but recently I used Abyssinia Card to withdraw money and it was deducted from my account but despite reporting several times they said they are processing it but I learned yesterday that since it has been 3 months the bank has decided to include it in their income. How absurd. If you can avoid this bank.,1,12,24.09.30,2024-12-06 17:19:23,,
f07f9c2b-112a-4fe7-9187-0da7683616bc,Haile Znabu,https://play-lh.googleusercontent.com/a-/ALV-UjVdOx_gUM58npsXL5xqUWPLBgMr4aUeosg5GcOjcQifk_fuKo0,It doesn't work on my 2 devices A05 and A34 üò°,1,1,24.11.22,2024-12-02 21:19:07,,
b53d4763-fbf3-4815-93c6-415d6026c863,Behailu Kebede,https://play-lh.googleusercontent.com/a-/ALV-UjWvAkjCappllHkY9oaDNSgaFRWGUZmjQFZi49zFrWaKcDh2zxy_,It's better to say I don't use boa rather than pulling your phone out and opening this app,1,2,24.11.22,2024-12-01 14:52:25,,
709e40a3-94cf-4414-9d03-b83ab5783be2,Chuol Deng mayian,https://play-lh.googleusercontent.com/a/ACg8ocJtS82E87R1nvjp5dijHMFXzHepyJ3hLhJ2gJnymI6nzDFGbA=mo,My attention is very important because it will be the most difficult time for me,5,1,,2024-11-30 20:23:48,,
c150161c-e679-408f-aa76-41f4c9787f9a,Abraham Assefa,https://play-lh.googleusercontent.com/a/ACg8ocLDXUcCjNSIqT-bF4uwFu34C0pHj4AYR7SLLmXS8T4vV8HjtA=mo,"I have a worst experience while using this mobile application through out the year. Most of the time it fails to ""Login"" or automatically closed the app. And also it takes so much loading time (5 minutes +) trying to access the internal services. Sometimes also while transferring within and to other bank also fails. So, BOA please fix your app.",1,73,24.11.22,2024-11-29 06:40:35,,
8c12373b-e19d-494f-8506-a54490d9709b,Ephi T,https://play-lh.googleusercontent.com/a/ACg8ocJxOXU_1Q4Pow5i75SpXVyBhNusMRrcloXaMM2D5loEuUp7wA=mo,I don't know why but your apps start out great then all of a sudden don't workü§∑‚Äç‚ôÄÔ∏è,1,0,,2024-11-28 11:44:51,,
1756e606-985f-44eb-bab4-95bcf0848416,Hildana Endale,https://play-lh.googleusercontent.com/a/ACg8ocJcY_kPjcrFQoUdTEzhwDAMZkdbKHKRt-wb1ucbOM7DZqBrmA=mo,This application is losing major factions on a daily basis. I can count how many times I have used this app; it is completely useless and disappointing if I am not going to use it in times of need then I don't see the point.,1,19,24.11.22,2024-11-28 10:17:48,,
a49183c0-2f37-4898-a64e-ab1cce218c2d,Asefa Bekele,https://play-lh.googleusercontent.com/a-/ALV-UjUXPc0-oyslhFOKP2d3UVZOGpu63kZq73MnBufyGU445B3_sY3l,exellent digital transaction of money,5,1,24.11.22,2024-11-27 00:10:14,,
5816b056-8f44-4faf-92a4-a28efd01448b,Khalid Ahmed,https://play-lh.googleusercontent.com/a-/ALV-UjWWdGm616yDZa7q0Dj1rwv0GU2pqy3waLj9j-2edr39Pgyez18,The latest update has stopped android 9 phones not to open this App. Never work properly since i started using it.,1,8,24.11.22,2024-11-26 15:05:22,,
3916c795-44f4-4169-86aa-119ef8b78067,Berhan Nurleigzer,https://play-lh.googleusercontent.com/a/ACg8ocJwXW9wcG8s-LTfb5I_BcA6OQR9aRIMnS9gXoD94Up1vi3Qsrsm=mo,Best,5,1,24.11.22,2024-11-25 19:10:50,,
10f38455-3c1d-4bec-a303-eef4cf41097a,BOLE AIRPORT Migration,https://play-lh.googleusercontent.com/a-/ALV-UjWrzYwOL6bXkb30PA29X_PfzdLqCt2MMykUSQmVtyHTQdFGFtIk,Great,5,1,24.11.22,2024-11-25 17:26:59,,
a4262b61-1cb9-414f-a99f-9ad1302aa769,Abraham Kinfegebreal,https://play-lh.googleusercontent.com/a-/ALV-UjUnhu92e-1NYSb1Hdm0i6GlDWL-zTNEl_B-dZ-d7ezyFW2C64FU,üëèüëèüëè,5,1,24.09.30,2024-11-24 21:31:39,,
600f542d-2c2f-4c6a-b49e-4f196764cfa9,Kalid Muhammad,https://play-lh.googleusercontent.com/a/ACg8ocISlQBsA-mA9HZFB4PpE5SesLboUqlStXqkn7ls8m8JmRrtLw=mo,Money,5,1,24.11.22,2024-11-24 10:31:41,,
bd0a4a80-4971-4156-9418-bef834d65877,Sadik Murad,https://play-lh.googleusercontent.com/a/ACg8ocJT8ZK9nzwTjMwhyM0c0MzsKcQB6pfFGlZLWy7h59QZv-93OA=mo,It needs more improvment,2,0,24.01.09,2024-11-24 09:17:29,,
3a881b17-3858-447d-bdef-f69e3f85b0b4,Moges Tadesse,https://play-lh.googleusercontent.com/a-/ALV-UjWsKrA68PtyWeok4HHnWY5_o0wzNX0hcCAdb3tkpsw2t3yqzC2J,Hey Google,5,1,24.09.30,2024-11-21 22:51:14,,
da8d6098-722b-4970-a9bd-8abb656976b5,Woldetsadik Melese,https://play-lh.googleusercontent.com/a/ACg8ocJqEBIxrPOUYpmIrixn8XK39i_-nxw2j06I9JWlhmVX7LXCkA=mo,Good app,5,1,,2024-11-21 17:40:34,,
e8a2d836-1548-4ddd-935b-a6c280ac8043,Rejeb Abdshkur,https://play-lh.googleusercontent.com/a/ACg8ocLE6W7IP6gUN3oYepkKq1bBuRe_rTip5dUdYalFuHJ2KjUAvQ=mo,ab,3,0,24.09.30,2024-11-20 22:26:08,,
ed76ddde-f121-4372-b182-4c5df2b80685,adem tahir,https://play-lh.googleusercontent.com/a-/ALV-UjXW8do1dWQrmgSjmO0qhDLu01LVm6mVDOsFhc3yVM8w-nGrd_N4,Ademtahir,5,1,,2024-11-20 13:41:49,,
282728fd-e404-49c7-b7af-e17f01a1247d,Biruk Tadesse,https://play-lh.googleusercontent.com/a-/ALV-UjUnTGPMRh3PXmMnuQncJzc486kbaeuvm2LzUoYey1t10vO4WdsM,‚úåÔ∏è‚úåÔ∏è,5,1,,2024-11-20 12:25:55,,
3d00a389-ea31-4ae9-ae70-9014f48845ca,Miky Lyrics Orthodox,https://play-lh.googleusercontent.com/a/ACg8ocI-Whe42Yi7pIkJKRiijBMT7xZOdjLSOMm4LkTUvh-p14bJlw=mo,Please this app on my android phone,3,0,24.09.30,2024-11-20 09:25:05,,
87a5eda7-9ff6-43ca-a3d4-baf44802a3dc,Est,https://play-lh.googleusercontent.com/a-/ALV-UjUDcSxCPHwwVgTnTYqOAvIbrbxKzHse1LSrI3m7MqC1HDQRpcwJ,GOAT üêê üêê,5,1,24.09.30,2024-11-19 16:48:41,,
d9c98c7f-3df6-466f-a6fc-820cb281fad1,Henok Abebe,https://play-lh.googleusercontent.com/a/ACg8ocIeRagx7ZDjhGg-K5FK9enmmKg2h2xxiNvl6Qysf2l-rHt9mw=mo,"Your app doesn't match your bank, the app is disaster, super slow. Please learn something from tele birr app.",1,5,24.09.30,2024-11-19 14:12:49,,
695331e7-0600-4a44-805b-255770e5f33b,Geremew Girma,https://play-lh.googleusercontent.com/a-/ALV-UjVl8YZEAe748WnW5zI9BTPb4TP817SSh81FYTknFfYBrMYNd9o,Fast and reliable,5,1,24.09.30,2024-11-18 18:58:47,,
3d362e0c-4c39-498b-8b61-b52226effacd,Daniel Berhanu,https://play-lh.googleusercontent.com/a-/ALV-UjVTC18XOazq8si9u1OQCyLWevPXAnVaklO3VKcHFuXz2YVMAIg6,"The worst app update ever. Why would you include the ""developer option off"" thing here? Why do you care? It is my phone my money, right? That is the reason why I switched to other banks. So either turn it off or everyone will discontinue their business one by one.",1,22,24.09.30,2024-11-17 22:11:45,,
8820e991-f423-4207-84ee-1504f70f3f99,Nah Om,https://play-lh.googleusercontent.com/a/ACg8ocK6F1ktceksD3YBMMTU0Jh7v_lOcUxgr-QbIuGVI9D96RpcAw=mo,Very good,5,1,24.09.30,2024-11-14 15:52:39,,
f106cb33-9dcb-4a38-a65d-3cbb1a9a790e,abay,https://play-lh.googleusercontent.com/a/ACg8ocIyIa4awwMe4PL78cGXjAqS2k2vlxKy6QCV_Pceoyzt4zq8Vwg=mo,One of the poorest mobile banking system,1,0,24.09.30,2024-11-13 13:35:40,,
295d2e05-79ca-409a-be45-0388efa2f3b6,Yohannes Demerew,https://play-lh.googleusercontent.com/a/ACg8ocKBNffbpft00Q3gRX0bp1F11nTLZ4B1WBT4ijiOGyB3FR70XQ=mo,‚ù§‚ù§‚ù§‚ù§‚ù§‚ù§,5,1,24.09.30,2024-11-12 21:39:07,,
31842334-938e-4309-8db6-d6f4f9da1fcf,Zelalem Bayh,https://play-lh.googleusercontent.com/a/ACg8ocLcHiANWuDck1xUNInIu2WBkyozFSUkgs3D0UWqFO0_QOz8LQ=mo,Oene,5,1,24.09.30,2024-11-12 17:20:14,,
6446c637-4d71-4aa9-b09c-abcc44110734,legese sis,https://play-lh.googleusercontent.com/a-/ALV-UjUqNBX3-BoYGUNP1-mb_lOgoC41VHwBhaXo73NPk2bJpo_kHFk,i find it interesting specially in reciept downloading,1,0,,2024-11-12 16:43:41,,
e165c4d1-4d0e-4f81-920a-3d7f2a3acc38,Feven Tekle,https://play-lh.googleusercontent.com/a/ACg8ocJ1iqxaO0RyMuFVN_Sv7l6_AfTapYp7vkOdhVLSzY55diz0Ig=mo,it good,5,1,24.09.30,2024-11-12 15:50:38,,
e086cf56-30a1-4650-b7c7-492dbab0f831,Yoseph Seyoum,https://play-lh.googleusercontent.com/a-/ALV-UjUXeRlKoNUVw89zlpaqbW7-4AWc-DcdV5kqA-U7XjHzfb-qs8g,"This app crashes everytime, please fix it",1,0,24.09.30,2024-11-12 15:08:59,,
5d19cf33-a0a2-4263-ae80-c963660bde79,Habib Seid Mohammed,https://play-lh.googleusercontent.com/a-/ALV-UjVdRKUQXmrmlCTZ3r6O6dqoxbkTK0YxvcVrnnQkQzTLbC1gQLQ,·ä†·äï·ãµ star ·à´·à± ·ã≠·â†·ãõ·â†·â≥·àç·ç¢ i dont recomend to use this app also the bank,1,0,24.07.04,2024-11-12 13:55:52,,
316e654c-3526-4bca-8086-60b63895f732,Habtu Teum Ayele,https://play-lh.googleusercontent.com/a-/ALV-UjX-uKNJMZOUreT9Sr23SSkPcj90KapbVxeApOxKjbBlvkggjgv_,I need a support the app is not working,5,1,24.09.30,2024-11-12 13:10:33,,
553a157d-5f77-4f45-849e-6985fd3f61ca,tadiya Fantahun,https://play-lh.googleusercontent.com/a-/ALV-UjXDC2lRYCZgsvM_cGRgj-MqaLMpCOFOMk_z4GiVPU7MxES3BKI,Bast bank of ethiopia,5,1,24.09.30,2024-11-12 13:01:11,,
222dde44-b0d2-497b-8c48-f0760acab14f,henok john,https://play-lh.googleusercontent.com/a-/ALV-UjUc1LCIFE9IrCs1gnNdgEzdn3db_tOUx3WurMTg7zk18x8HMSY,Good,5,1,,2024-11-12 12:45:45,,
3bf25c8f-faed-49a0-b64c-feff01ccadfb,ORBIT CONSULTANCY,https://play-lh.googleusercontent.com/a/ACg8ocKj5DV0GcykqlIGu-ZQPajd8tpyE63m3kqKI_ndp45qgLOPjg=mo,very slow app. ·ä†·â¢·à≤·äí·ã´·äï ·ä®·àö·ã´·ä≠·àç ·â£·äï·ä≠ ·ã®·àõ·ã≠·å†·â†·âÖ software app. ·ä®·âª·àã·âΩ·àÅ ·àô·àâ ·àà·àô·àâ ·ä•·äï·ã∞·åà·äì ·ä†·à∞·à©·âµ·ç¢·â†·å£·àù ·ã≠·àò·à´·ã´·àç ·ã´·à≥·çç·à´·àç·ç¢·ààapp ·ã®·ãà·å£·ãç ·ãà·å≠ ·â†·àô·àµ·äì ·ã®·â∞·â†·àã ·äê·ãç ·ã®·àö·àò·àµ·àà·ãç·ç¢,1,0,24.09.30,2024-11-12 12:15:50,,
d7d3b979-cd01-4ecf-936f-02cb87adc6b3,Jabessa Badasa,https://play-lh.googleusercontent.com/a/ACg8ocJfbht1eS5TN3DSdPSDtLR6msAa7r6ns2sQU-DV-C3Ie12YPw=mo,"thank you for your social services like, vertual banking, non touch ATM, Cadrless and withdrwal with out passbook...",5,1,24.09.30,2024-11-12 12:13:20,,
fe160342-c4b4-442c-910c-2ddce8172994,Nahom Ahmed,https://play-lh.googleusercontent.com/a-/ALV-UjUGtBQQP5vutr6uavPD5ZPUy9ZCHMw5MDmVXdrJbEJ_mY57Suar,The worst App i have never seen like this before,1,0,24.09.30,2024-11-12 11:48:40,,
e1751a71-a0e6-47a5-9045-9bf2423acfed,Kiebron Yemane,https://play-lh.googleusercontent.com/a-/ALV-UjV9E4tBn8BGkNEGm1rFFbmUBorvEDXiFliIU5F-JAIRl6FBscA,Wweeeer,4,0,24.09.30,2024-11-12 10:21:44,,
a9aef84b-de22-4145-b107-b18b44ea617d,Aklilu Shwalem,https://play-lh.googleusercontent.com/a/ACg8ocL6vVgSsyqB-a3Xu0FOap2DR3ntOxSPaTPNUQ9HFXIaOMaHhw=mo,Infinx,5,1,24.09.30,2024-11-12 09:52:38,,
193d231d-a098-4e8b-992e-96c9d9b43bee,amanuel temesgen,https://play-lh.googleusercontent.com/a-/ALV-UjU1rhryU0tlEw-NJWsy3BPY6lQwh1AG8GI846Rs5B31rftuKnm1,Great service,5,1,24.09.30,2024-11-12 07:17:47,,
92a7307e-7ff4-4412-903b-7e0a331febea,abebe melese,https://play-lh.googleusercontent.com/a-/ALV-UjX7Uy1cduaLYT4vvD3NRoGghJ4D2KdaQ9nE7xTZUZC0D4j5cDEN,üëç,5,1,24.09.30,2024-11-11 13:59:32,,
10cdcbf6-81ab-4281-8583-665788be8e91,Haftom Kelemewerk,https://play-lh.googleusercontent.com/a/ACg8ocIUGMReJoSqPr9kqljDbjSNuJMOjDDH_y7GuTOwPeRf5mbV4g=mo,This app is not available on all android versions and some times it is not functional.,1,2,24.09.30,2024-11-08 14:41:15,,
d8ad8495-2424-4c41-9e0c-7f484eedacc0,Henok Abrhame,https://play-lh.googleusercontent.com/a/ACg8ocLODfuov_MQvvx2wdkfPmiflDq5wRy9B_WLnPNkeikbw31LmQ=mo,senayt Mesfin,4,0,24.07.04,2024-11-08 14:13:42,,
8405e36b-c5ee-4a39-92b8-2bbda678dcf1,Lika Lika,https://play-lh.googleusercontent.com/a/ACg8ocIJ_HZPp3rH5dIeGrAMu7wWkCu_oHr15yyJG0hg7r1I9SJxFA=mo,Bad app vety bad.,1,0,24.09.30,2024-11-07 07:21:50,,
643dd819-c970-4240-b620-ce2dff61d731,Mudin mudin,https://play-lh.googleusercontent.com/a/ACg8ocLy8RiIOYTsugPFV2cyw48eRmS79afIdmazoOoh4u8tfFJvWA=mo,Nice,5,1,,2024-11-06 17:24:50,,
ad41ef41-4f31-4dc7-a2dc-b48d3d38a5cd,Aschalew W/yohnse,https://play-lh.googleusercontent.com/a/ACg8ocL--WlFtzAbuVd2ylENuBreYkvn8FaiuR3mk31JQfIdCZqSQw=mo,Abessnya Banke,5,1,24.09.30,2024-11-05 15:05:11,,
ac6715ed-80bf-4720-8893-cd6f0340c82c,Amanuel HabteMARIAM Asfaw,https://play-lh.googleusercontent.com/a-/ALV-UjUmKqgYYztT8KdIypVjr4uoS4ztJ31MHRLaSIF5KAjWR_OA44RF,"The most useless app, I never expected such an irrelevant app from BOA. big shame!",1,0,24.09.30,2024-11-04 11:45:20,,
5f4e1afc-666e-4bab-ab08-0b39744b9396,Abdii B,https://play-lh.googleusercontent.com/a/ACg8ocLRmSpfHC0cANie7LJi-fzmzBAw8rsVYZKSfU4sFiI2_EdMEg=mo,Okay,5,1,24.09.30,2024-11-03 19:25:36,,
1278f570-8dea-4557-a749-5466685c05e4,Ermias Wolde,https://play-lh.googleusercontent.com/a/ACg8ocLXbdNCVlluTEqVIYrKRvx6cmJaS73e1PsQz8hBFWmHDgON8w=mo,Professional on banking app,5,1,24.09.30,2024-11-01 16:08:51,,
169b6d5b-b5df-4a42-9168-ce968142da5b,bk love,https://play-lh.googleusercontent.com/a-/ALV-UjXAG0bTTnfIB7KOxKIYSewSyuAjUhBr-If4SE4QEG5-iLSgwvaYKQ,Has some nice interface but always freezes or slow to load .App developers please fix this issue.,3,11,24.09.30,2024-10-27 23:37:31,,
14287667-7529-4f0a-b119-c9a37b43b788,Alexander Abebe,https://play-lh.googleusercontent.com/a-/ALV-UjU2tuYIyrJZSEHqadCwPyWsHRdZX8923vwq8G5ux2cHhxqAbSIF,·ä†·ã≠·à∞·à´·àù ·ä†·àµ·â∞·ä´·ä≠·àâ·âµ,5,1,,2024-10-26 17:13:59,,
518dfdbb-4c08-469f-aee2-3caba92930ac,Tigist Tg,https://play-lh.googleusercontent.com/a-/ALV-UjXb3O8sHdGNoXvnptqMxgNjNsyyJVqLwklvpBS03KRBK1eXm9c,Please try another because this app doesn't feet the need of this generation,1,0,,2024-10-25 22:17:13,,
9f7fb2e7-377c-47d0-8018-8361713089a3,Negash Bekele,https://play-lh.googleusercontent.com/a/ACg8ocJOvh3xspEDdJhghlwZjJ_vTNJto4WUV2CuS9mJGuF7TJ_TUg=mo,Good,4,0,24.09.30,2024-10-25 17:40:10,,
a151105b-8d49-4e7a-bf55-62feca737e04,tekalign ermajo,https://play-lh.googleusercontent.com/a/ACg8ocJiMekEs7Y3_IY__6DgAYBFtJITsUCdjGq7aUSRyC4y7zhjjw=mo,Fast transfer,5,1,,2024-10-24 11:51:40,,
9b20307d-6ea1-4920-a74f-b5d6f16390bb,Yordanos Yigzaw,https://play-lh.googleusercontent.com/a-/ALV-UjX2SBssbd5-KbbXkWqouSufPaCvd9Rkrykt-RviWUIZJDQ8HfY,"What's up I can't log in, what's wrong",5,1,24.09.30,2024-10-22 05:57:44,,
908563f1-4304-45f7-a634-e4e4e64e8118,Ameru Mehamed,https://play-lh.googleusercontent.com/a/ACg8ocKml35wJcc6XgWNSHf9Gnndyl-vK2R5usDS2Et4OQiTB5rkLg=mo,Amrumehamed,1,0,24.09.30,2024-10-21 16:43:38,,
87b4dda8-40de-44ff-aa27-ba8cf4776e03,Halefom Kahsay,https://play-lh.googleusercontent.com/a-/ALV-UjUQbFDSYpPtM7nZnkMJrNPQFbT7ZC8dpk4RTAEYzMkQ_3hw4H7Q,Good,5,1,24.09.30,2024-10-19 16:42:22,,
4fe26762-e4bf-4ebd-bbeb-538577f6d724,Abraham Moges,https://play-lh.googleusercontent.com/a-/ALV-UjU6vVnU3KbjFBYctvgP8aEZFKKIh3TRe0CMbuYn2qZsLG4dNBQl,"Nice to meet you my proud bank in Ethiopia.. I'm a member of this bank, i need to solve my problem of international receiving money for me from my online digital working service's over the world please? I'm working a lot of international money.But i can't get direct in Ethiopia because of don't knowing the legal ways of getting money in Ethiopia please can I get and direct deposit with BoA please üôèüôèüôè?",5,1,,2024-10-18 21:22:15,,
8da94e53-0cd0-4d47-9df1-8cd3dac4779f,Samson zekarias,https://play-lh.googleusercontent.com/a-/ALV-UjWhyUoL1phXflRzWnTETY3XpzEhfMT-vX7kYa_HG5XPZo-rqc8,Very good,5,1,,2024-10-18 17:02:55,,
2b806bfe-bc20-4ca9-8d33-3e3d420beb79,Jemalkedir Jemalkedir,https://play-lh.googleusercontent.com/a-/ALV-UjVcetqz3dIhw_ddIwsScDtrn076AiUuvH-Q9UI1ks7jAotCnu0,·ã∞·ã∞·åà·äê·àê,5,1,24.07.04,2024-10-15 10:27:29,,
03ed7b23-17b8-4ae5-9c2f-29922a888edf,Mohamed Jamee,https://play-lh.googleusercontent.com/a/ACg8ocIGESTosdCC9VVssxzGbTtQ_MLw7hKmL-i6aWF0w2JBS1EfFw=mo,"Terrible Bank Experience It‚Äôs unbelievable that with all the modern technology, this bank still struggles with even basic transactions. The app constantly crashes, services are limited, and every time I try to transfer money or load Telebirr, there‚Äôs a huge delay. I have to wait 5 days for failed transactions to be refunded! Even USSD is unreliable. They‚Äôve put me in embarrassing situations countless times, and customer care never fixes anything. I‚Äôve switched banks, and you should too!",1,21,,2024-10-14 08:06:39,,
df4d9c87-1a87-4a1d-8900-581c52470725,Mintesinot Desalegn,https://play-lh.googleusercontent.com/a-/ALV-UjVuYLy6vqSNy-7wqSlJCd6BDTKrl7nj2pe8cfAcyhzNKcb3TxKR,A painfully slow banking app service. Please don't make it your choice!,1,0,24.09.30,2024-10-13 09:08:25,,
5d22ff1e-78a6-4da7-8128-fa0bfd0f4850,Mehdi Dersie (·àò·ä∏·ã≤),https://play-lh.googleusercontent.com/a-/ALV-UjVEo6K8Syx1GTi-Gt3OAub7sh3BnJb659NNesraH-efVN8CeM3_,Good App,4,0,24.09.30,2024-10-12 17:04:14,,
e3dac0d5-d198-42ee-8536-2d6fd0365164,Abdu Ahme,https://play-lh.googleusercontent.com/a/ACg8ocLOcURd3WmXJ4HJpHJaZa6pwt799T-rHGgrUN_-PzQywwnFaA=mo,Best app to me,5,1,24.09.30,2024-10-11 21:16:21,,
3394a77e-9fd2-41f9-be45-00812de92767,abdulmejid emam Mohammed,https://play-lh.googleusercontent.com/a/ACg8ocJX2tqY3eCW5WrYkMmnHvMU_6MmYJNQl-h6x6bt88XZq7ZWIZw=mo,BOA,5,1,24.07.04,2024-10-11 16:31:58,,
a526225b-3f7c-4dd0-8772-8ce18eea7318,Abdulkadirsulti Kedir,https://play-lh.googleusercontent.com/a/ACg8ocIjQIDRcO9F7PCqWgIbWmy23Jutf5wbSsdXwaqJBCm6Sp0VTA=mo,Abdulkadir,5,1,24.09.30,2024-10-11 09:28:56,,
be744ade-9b10-4b61-a1ee-5afc836bf602,Fikirte Atinafseged,https://play-lh.googleusercontent.com/a/ACg8ocJd20B41lNLS6ngKr2VD3Hc_yVRvi9P8XHcbf7Le55xJTwVvQ=mo,Bad,1,0,24.09.30,2024-10-10 15:17:31,,
1d49e80a-b12c-4cd5-abd9-b9b2d6612d64,Feven Mekael,https://play-lh.googleusercontent.com/a/ACg8ocLxvk3cQQCSv-_5gL8sfUyMXfRDmUgbHUv5fEf7-RGLTM_zTQ=mo,If it is possible I would gove0 star,1,0,24.09.30,2024-10-08 16:20:37,,
d1c75600-5e8d-416b-8627-b3700bc64633,Wendwesn Seifu,https://play-lh.googleusercontent.com/a-/ALV-UjXXgQKm2sc9Xp2IiU72Zxyz3MdQBdcr194iuowUW88OZ4KpSFo,Nise mobile bankig,4,0,24.09.30,2024-10-05 15:39:26,,
ac7391a6-712b-424c-970d-6dba1a0dd845,neo,https://play-lh.googleusercontent.com/a-/ALV-UjUWH968PvCcevINog77ROwuVSxyL0xi05_qaQZUZ2XV8pDuqWBj,Overall good app but performance needs some improvement also sometimes when using instant other bank transfers it refuses causing to be repeated several times to transfer,4,1,24.07.04,2024-10-04 23:34:24,,
3cbcde95-2c0c-41d1-be22-203369552ed1,John Abadi,https://play-lh.googleusercontent.com/a/ACg8ocI6hjdYTOjvxeNIbE2TYGa8raWkr0UO8AJsgmizsAp9VovbAQ=mo,Ok,5,1,,2024-10-04 17:20:43,,
ab760759-00d0-43fd-9267-f1d3f34a74e6,basi s,https://play-lh.googleusercontent.com/a/ACg8ocIUUNCQ6C7Cik3XUAEPZy1hg9wZGmppMdYjmmJVecIEEJ55gQ=mo,Just make it work pleaseü§£ this is embarrassing for a bank of your size,1,0,24.09.30,2024-10-04 11:23:06,,
3a05c496-6385-4903-b2f5-54f69bdd8ee7,Habtamu Tolla,https://play-lh.googleusercontent.com/a/ACg8ocIoX1zZ4ZsPGr5C7tBTZO-DfdG-V-kFYw0Ps4f2tu8IJDgZdA=mo,Update to the simplest way it requires the developer option on and off why this is,5,58,24.09.30,2024-10-04 09:18:27,,
94ba00d0-c2e8-4e21-9e71-af2395f2d0ca,Eyuel Hailu,https://play-lh.googleusercontent.com/a-/ALV-UjUjeTHcoVGNqKcIr4Sc8xUH870Meg3S7fEEn64A1nwU26kBxx2x,"Stop telling me what to do with my phone, BOA. Why does your newly updated app keep asking me to disable the developer options? I‚Äôm not slowing down my phone just to use your God damn app. ü§Æü§Æü§Æü§Æ",1,14,24.09.30,2024-10-04 05:55:49,,
b4f29388-db8b-4ce7-9539-82a8c57b071a,Pastor Yirdaw Tessema,https://play-lh.googleusercontent.com/a-/ALV-UjUb8hvEpFofA1AxtsoqDbtcwxbwarU0ej9ETbUYAazwS6vGQFid,I'm living out of country how may I download and use mobile banking? It asks me the Ethiopia phone number and I can't receive text to confirm because I'm out side the country. So please lete know if I can use while I'm outside the country. Thanks,1,1,24.09.30,2024-10-04 05:30:33,,
dd79ea31-05db-44d3-8af1-7bb5142df8b5,Nigussie Beresa,https://play-lh.googleusercontent.com/a-/ALV-UjWwV_WqQ8d9C61QsLxEiT5hqwc-nLB6CdWBxaWLjdgRA6pJoEQl,Good,3,0,24.09.30,2024-10-03 18:17:09,,
cd089947-bc9a-41cf-a17d-9bf390c91485,Adu delu,https://play-lh.googleusercontent.com/a/ACg8ocKFDH4A9dlW-N02UF03XblwF55qJQqxoWZsuAFBJ9F_NMFasQ=mo,Worest app,1,0,24.09.30,2024-10-03 12:57:35,,
510eb8c1-9b58-4989-bdd1-674fa63c3d08,Sen hit,https://play-lh.googleusercontent.com/a/ACg8ocLhn7W0XpRyfW50lxo3GRB1tY8jjargX4Wmfue7mLni_VA9mw=mo,The worest app ever,1,0,,2024-10-03 12:54:58,,
f242b9c6-0093-4b0d-85c6-fec827999123,Aman Abas,https://play-lh.googleusercontent.com/a/ACg8ocJssPiUAIzOqtDZB0arKxjOiPOSnkcmish-oosAmhfM1GUQBg=mo,·ä†·à™·çç ·äê·ãç ·â†·à≠·â±·àç·äï,5,1,,2024-10-03 01:53:27,,
2755e189-b073-4641-897e-3cfa2aa25a25,Kuma Nasbu,https://play-lh.googleusercontent.com/a/ACg8ocJ3XUOvIfa7bBeXjXWSDpOCP-LoSKc8Jy8ERx582o4V2VkElw=mo,Wwwerrr,5,1,24.09.30,2024-10-02 19:16:32,,
6bcdcd0b-f657-4972-b10b-ed371d2f777a,Jemal abdela Abdela,https://play-lh.googleusercontent.com/a-/ALV-UjUrzSdZ2SoQ4w0TwHE4eE3YH8E1Wwr-7x4h3FFxamGrMzjrPis,·åÄ·àõ·àç ·ãç·âÄ·â±,5,1,24.07.04,2024-09-30 16:46:53,,
4cbbb09a-77c0-45b2-89e6-784c7186918b,Ayana Andualem,https://play-lh.googleusercontent.com/a-/ALV-UjVt8TyL-P36R23zxE0H2UAmEElc1OM3lZzcoxHhyTo2deDWT0g,Great For Financial company,5,1,24.07.04,2024-09-30 09:13:34,,
1afdfab9-884b-4dd2-9881-a468a0eb567f,Yamle Abiy,https://play-lh.googleusercontent.com/a-/ALV-UjWY3dxNmeCuezj3N3P4MIClQuSAFii3RpPKdEnJyUHOZAtm5tA,Very easy to use,5,1,24.07.04,2024-09-30 08:48:28,,
5d940978-07d3-41d9-81b1-74867eb724a3,Anteneh Car Sale,https://play-lh.googleusercontent.com/a-/ALV-UjUCsgYt04A0wI0IOty5Ij4sso6l-8zEOI0KDSBK1EyAu9PJ3xln6A,The App's crash always.. Error.....,3,0,24.07.04,2024-09-27 16:25:54,,
180bed10-eda6-4491-84cf-93d55ff8d92c,Christopher Edward,https://play-lh.googleusercontent.com/a/ACg8ocKGm6a44Sjff9yfvOnQqtyh_hyl8v_2FQC-1nWTfO2W_vKcIw=mo,This app is incredibly frustrating to use. It‚Äôs filled with issues that make it difficult to navigate and complete tasks efficiently. I‚Äôve never encountered such a poorly designed banking application before. It needs significant improvements to enhance user experience. It deserves a vey low rating.,1,9,,2024-09-26 21:13:35,,
850671a8-8f81-4e02-9b60-6dbde1dd2337,Fikadu Yirega,https://play-lh.googleusercontent.com/a/ACg8ocKHSTVm4muhYSHCAqst1BjrwtWx8VVM18FRIx8Vvhp71mJRsA=mo,nice,5,1,24.07.04,2024-09-26 05:56:33,,
e03e750f-2744-47c8-9f9b-e54a13cde49a,Ermiyas Tilahun,https://play-lh.googleusercontent.com/a/ACg8ocLh2jWP8BD7AeFZQGtWNR88o13NZr4Vm_Flq5IuOKsqcPmgzg=mo,Great UI and seamless UX. I love it!!,5,3,,2024-09-25 21:51:19,,
a84791b9-6811-4e81-9461-b4e880dee4d6,feriazr Assefar,https://play-lh.googleusercontent.com/a-/ALV-UjWOCG7nfSWQiKvQ4-VbBbNzzd0IltpipNbZLbS36tKabcCbddZo,That's too good application but try to add more alternatives and futures or possibilitys for your customers,3,0,,2024-09-25 21:18:13,,
f4b63e31-2da1-40e8-acf5-fdb0a6e0b1a0,Alfo Nigussie,https://play-lh.googleusercontent.com/a-/ALV-UjW-pPbIgkTurtPlSzEtxkMu7kIHSymBBUMt4AzZBFJQMVz7kGM,It's easy used to operate program and secured üëçüëç,4,4,24.07.04,2024-09-25 16:00:21,,
0382f8e0-e971-4b72-8392-b9aca8d61d7e,Amar Abdurezak,https://play-lh.googleusercontent.com/a/ACg8ocK_kEkbirEze8AicP9-R1DJ396cJgWXNn4x1zrFuqQS-QG807c=mo,I bought a mobile card on this app but I didn't receive it and it took my money and I didn't get my money back.,1,0,24.07.04,2024-09-21 14:34:07,,
94ec4e55-4d37-4a20-8e6d-780bd3a0fc1f,Abu Maher,https://play-lh.googleusercontent.com/a-/ALV-UjVTyjzAkvSVO9Ex_L2WcTlco5kjW4FIwzfhf61lwiXnI3fiKmJBrQ,Amazing,5,1,,2024-09-19 12:07:21,,
9a938500-3558-429f-b5aa-f84792f3e442,Philemon Hailu,https://play-lh.googleusercontent.com/a-/ALV-UjXXpLTeiFQGOM234EtaFL1OtugxidoMfnBlGt4oXZo9G6xAy5A,Great app with great services,5,1,24.07.04,2024-09-19 09:32:07,,
a5ea959a-2e3d-442b-ba31-70b22aebb873,Mossa Yiha,https://play-lh.googleusercontent.com/a/ACg8ocLL048uMQ6R1jCXgXNhUDeN5f3LO_1NpcbfOqGgMzCAtswH6w=mo,Yes active user,5,2,24.07.04,2024-09-17 16:47:44,,
7ca610e2-15b8-4a7c-8ce2-f59bb9e86c63,Bloom Freeman,https://play-lh.googleusercontent.com/a/ACg8ocKaSrZTB7py0jwSAFifl_nwFa83KUOWxvOuR_Froo6ulU51Ww=mo,Shameful,1,0,24.07.04,2024-09-17 16:26:12,,
432b754e-574b-4686-8f97-7a8f80f3a39d,Meseret Kebede,https://play-lh.googleusercontent.com/a/ACg8ocK5zdm2bjxfY5A7wHFOXqGKJA_eOF_nQlM3DzQgiI80lz2vbA=mo,The worest app ever made i would not recommende for no one,1,0,24.07.04,2024-09-16 20:05:52,,
889a96ef-4854-4b7c-a3f5-a666fb79307a,Gatluak Gatwech Both Mer,https://play-lh.googleusercontent.com/a-/ALV-UjV4_1DlMyIWx2fGYqOhS0ZpDMBojvXoUvy2w5SZec0HRKROHPqt,Good application,5,1,24.07.04,2024-09-16 18:08:14,,
100f95da-d8b6-4b6c-b634-51d211b33af5,Abdisa Benti,https://play-lh.googleusercontent.com/a-/ALV-UjWCIHHSb1pXORz8cPythhJiN_WedOHH5-836tUljdh3l7BZKKFH,I like,5,1,,2024-09-16 15:00:21,,
451914ac-f6a0-4733-9e25-494bcb7a28c7,nahom dinku,https://play-lh.googleusercontent.com/a/ACg8ocLzi2ApqaBpqapFUxnpuSeB67fVFyK0ZBf_A4Pjeen-PIoO8Q=mo,Good,5,1,24.07.04,2024-09-16 13:15:56,,
c33b61e9-53db-4349-9ffb-a0d8a5a59051,Ermiyas Argaw,https://play-lh.googleusercontent.com/a-/ALV-UjVO8ftw3eefDcQA-yufskjAsnFUzZ3sSQCTaTwxXluhxdk3U5wd,"How many hours should I wait after transferring money to telebirr, please do something about the transfer delay issue I need my money when ever.",1,0,24.07.04,2024-09-15 20:36:11,,
a8423c57-d734-4ebf-9dda-4f4dd43091ec,Yohannes Addisu,https://play-lh.googleusercontent.com/a/ACg8ocKV9jjFmwOAtyseWqIKzGDKf5Ch1tNUVs1M4Oc5-HAaefld_Q=mo,"BOA is unreasonably holding and delaying transactions for more than a day, even transactions within the same bank itself. This is a huge gap that I observed in BOA mobile banking. I didn't experience this kind of challenge while having transactions in other banks' mobile banking platforms. After waiting so long, I called your customer support team and the response they gave me was ""it was the system that holds the transaction & will be released on working days"". This is not totally fair.",1,21,24.07.04,2024-09-15 08:59:12,,
72e37eb9-220e-4ebb-8068-a846c6c2ec45,Fasika alemenew Tades,https://play-lh.googleusercontent.com/a/ACg8ocL8MNbEfVGkYNlx-VEmKHQldYoHuyy7MLVfnO28y60DMiprdQ=mo,·ã®·ä•·à≠·àµ·ãé·äï ·â∞·àû·ä≠·àÆ ·ã≠·åç·àà·åπ (·ä†·àõ·à´·å≠),5,1,24.07.04,2024-09-14 16:37:34,,
7f00e003-f4e4-49e1-bdd1-16c71454d8ea,Esubalew 7822,https://play-lh.googleusercontent.com/a-/ALV-UjVfiIEFC-Mp-9DznIBSxYr8SK5HUlgGA8t0TVGMj7VnuGU9kE3J,It's not working. It needs a big update. Can't you update the app quickly?,1,0,24.07.04,2024-09-14 15:09:31,,
15bcf00e-6cb4-4e13-9ded-9b6a1cce2bd8,JOEL AIMOHON (AimohonJoel),https://play-lh.googleusercontent.com/a-/ALV-UjW3ltYqz7cj1F_84yOPKSzdEZW9bcZmZT_HqE8IvpO_6RXzklcB,"I am Aimohon Joel , It's can be Good for a Better Conversation in Time üôÇ",3,0,24.07.04,2024-09-14 02:48:46,,
a597b94a-ed3c-4fa9-a749-a23d54faa49c,Biruk Ephrem,https://play-lh.googleusercontent.com/a/ACg8ocKfmRoHUnqEcYt_iWpC30utFhjw-tGtDNdUgrIDFl5AC8xzEQ=mo,"Better app than most mobile apps, but why do I have to turn off developer option every time I wanna use the app?? It's annoying.",1,5,24.07.04,2024-09-13 21:50:22,,
8f298344-5e64-4ebe-bbcc-c24b6909b563,minase ayza,https://play-lh.googleusercontent.com/a-/ALV-UjU2z9lY8Lm5BgPzkAO7MwL1Jf9c9E7stJ20cIM40kYu4q4s2AE,Bes and freindly app,5,1,24.07.04,2024-09-13 07:47:02,,
6bd7e86b-f9b2-4204-925d-33082e883d64,Sailorforlife BESTTI,https://play-lh.googleusercontent.com/a/ACg8ocJt9dlEIsL0Qd0USYdSvvYfOOCCH-O3N8bess8QzlvZkOHiGQ=mo,It doesn't work.,1,0,24.07.04,2024-09-12 12:20:37,,
1e10c54c-f676-477c-9a7b-bb0aba1aeb9e,Melkamu Gudeta,https://play-lh.googleusercontent.com/a-/ALV-UjW2VoJsVcGKlrCCVWGWnP-y-m6OGC8IIS_HxYF9AxQLSWFycXQ,"It say ""The request was not successful. please check device connectivity or try again"" why? One of the bank manager told me it is because of my phone's android version which is 9.1 It is ridiculous! Disappointing",1,9,24.07.04,2024-09-11 22:39:38,,
f736ba52-844f-46ef-9164-1803171f7177,Seyfedin Ali,https://play-lh.googleusercontent.com/a-/ALV-UjWgbsWEJ1DMxWA1TVSWlMg_C3cIoehybMwC6nKh2DUUIf1VGHro,How to download or screenshot of payment receipt...what kinda worst app ever ü§Æü§Æü§¢,1,0,24.07.04,2024-09-11 14:19:05,,
4efeb787-8699-49a8-a40a-03e5692a2596,Pastor Misgana Fikadu,https://play-lh.googleusercontent.com/a-/ALV-UjWpYMu4i5eNaRTQyrIRrRbJ5HE3qKuAC9a8IxVcc8QhH2PKc3h5,Good,5,1,,2024-09-10 12:30:24,,
156a8b49-e33e-4088-85d6-879c49082f30,Zerihun Dacho Tura,https://play-lh.googleusercontent.com/a-/ALV-UjX_ZFplxRHwuSnINAzBS4lgRZHGXBgJhYyG5TErmR8O4HD8K1hF,Smart technology,5,1,24.07.04,2024-09-10 09:48:06,,
d6d25233-fa63-4817-a558-29517149d2ff,Lidu,https://play-lh.googleusercontent.com/a/ACg8ocKoduuYYoJ7_0tQUuzBhPNudmjnp21e754bcfS_gsnz5Y9pDQ=mo,Yegema app tishü™®,1,0,,2024-09-08 08:53:43,,
0b18f9f3-e411-4e7c-96fe-40fef1a63e98,Gabo Jabadhu,https://play-lh.googleusercontent.com/a-/ALV-UjUWT6K68jCL7ubzs84ipFj7fksYEe3r9Erhh2NcZBoqSlyCaKQ,Ok,5,1,24.07.04,2024-09-07 18:12:32,,
07b686cc-bf94-4164-a731-684fa29cfb83,Wurbie MJ Trading PLC,https://play-lh.googleusercontent.com/a/ACg8ocKeDcg4fLB5d70xHx3K-OQhVysHOTy1S95hM7EZBSMyfhFN4w=mo,"This is not an appropriate app, i don't know how boa develops this app, i don't expect this much crazy and un confortable app form BOA, I'm soory!!!",1,0,24.07.04,2024-09-07 10:42:49,,
83311c04-cd01-496c-b382-2caaa5132819,Gutu Bahiru,https://play-lh.googleusercontent.com/a/ACg8ocJyu1cHcArGioHv_57x1neZ2NnmkDJwVGP8yOsX0ta9KtsXJw=mo,"Shockingly bad! Even when it decides to work, it's painfully slow and frustrating. Such a shame that it has become a stain on an extraordinary bank",1,2,24.07.04,2024-09-06 19:16:55,,
a2fb35e2-3828-4626-bddb-7443e04bf770,Ebenezer Daniel,https://play-lh.googleusercontent.com/a/ACg8ocKwqaL1Crk_urTq8T6rkjqMEMxyV72_fYOUQhaExHyjAmOuKA=mo,"It crashes frequently. It launches on Android 8.1 but I don't think it actually works on versions less than 10. If so, it shouldn't be available for download by such devices to begin with, like many other finance apps are not. It was so much better three months ago, upgrades should be for the better.",1,14,,2024-09-06 10:06:12,,
3283f02f-0474-44ec-b7d6-5e90c94d88d4,et spam,https://play-lh.googleusercontent.com/a/ACg8ocKUQl-nkNcwHxMS3j2hJYfbGjGbVxbI65epvIp-RMAvqZ7K0w=mo,Awesome application. But lately its crashing everytime i opened it.,4,0,24.07.04,2024-09-05 23:48:22,,
46e93d8a-1db7-4de9-af68-14e66a30c6c1,Biruk Belay,https://play-lh.googleusercontent.com/a-/ALV-UjVpJhj7IVGFzYCphNctYKL92a6O7KcmahvQVMqxwvSdmdVz9ia5,·ä•·åÖ·àù ·â†·å£·àù ·ã∞·ä´·àõ ·ä†·çï ·äê·ãç ·à≤·çà·àç·åç ·ã≠·ä®·çç·â≥·àç ·à≤·çà·àç·åç ·ä†·ã≠·ä®·çç·âµ·àù ·ä®·ä†·ãã·àΩ ·ä•·äì ·äï·åç·ãµ ·â£·äï·ä≠ ·ã®·àò·à≥·à∞·àâ ·â£·äï·äÆ·âΩ ·à≤·ãà·ã≥·ã∞·à≠ ·àû·â£·ã≠·àç ·â£·äï·ä™·äï·åç App ·ä•·åÖ·åç ·ã®·àö·ã´·â†·à≥·å≠ ·äê·ãç ·àà·ãç·å• ·ã´·àµ·çà·àç·åã·âΩ·äã·àç,1,0,24.07.04,2024-09-05 20:52:21,,
9815fc5f-16d3-4d71-bbd2-2e2712064003,Abdulhafiz,https://play-lh.googleusercontent.com/a-/ALV-UjUA6KKvVJnx0RFvHuym6C7eEtoyxPpDELNho8SfcOu3gfUQqZTx,good,5,1,,2024-09-05 08:22:58,,
625e7055-7dac-4aa3-809b-de7ef171fb92,Temesgen Asrat,https://play-lh.googleusercontent.com/a/ACg8ocLidu0h-4RcI0dvfkQLeM_y_W5Yg5LQ8D-nexbOtqasMrypUQ=mo,Fast one,3,0,,2024-09-04 22:10:02,,
ed313595-7211-44a8-9b42-defd7503aebc,nebil mohammed,https://play-lh.googleusercontent.com/a/ACg8ocKdCJ7U2u7fTpg2elcUIo4kyDDF-BipICjZE09rV4JHd91UIZo=mo,Nice looking app but a terrible user experience.,1,0,24.07.04,2024-09-03 17:30:49,,
2d922abd-f8f3-4666-8a3f-d83060bb7b5d,Bereket Mengistu,https://play-lh.googleusercontent.com/a-/ALV-UjWy2SMKdDgaS24KZbZs5rJtc1tLjzzrN7yOuRLwGX6WtUijx-s,The worest MB app ever!!üôÑ,1,0,24.07.04,2024-09-02 14:13:33,,
2518f2a5-fdbb-4ed2-bcc6-3c294e555e9d,temesgn ephream,https://play-lh.googleusercontent.com/a-/ALV-UjX2cN4wRugltCmEoMFDcjvXQgt6JVDQZBcuhYGSZcKnqQBUubpR,Very good,5,1,24.07.04,2024-09-01 19:47:47,,
2e1591df-5f9d-40b1-a355-a88a45119960,Teferi Haileluel,https://play-lh.googleusercontent.com/a-/ALV-UjX4Qb5ZIFHCcKlQ3uHxE2e1r9WyUZxUKYEV6Q-dLpvJQv6dabRg,It is ok,5,1,24.07.04,2024-09-01 12:56:42,,
861dcf64-11ac-4109-9416-dca7c303cdf9,Adonay Kebede,https://play-lh.googleusercontent.com/a-/ALV-UjUEdUm9oix7pBtn58QqEP2x3-5KGGjiIKYr0otarGvvfIVYdyg2,Plz fix the Apps ....screenshot lovation hide from glarey share botten not worküòîüòî,1,1,24.07.04,2024-08-30 13:05:08,,
b154b824-bad2-4f80-8a15-979f76b46075,Nets Yad,https://play-lh.googleusercontent.com/a/ACg8ocKoZIaKLH5abk8a4x5JwR7c8c0bbIHLFVsWvThxcSV55pR6Nw=mo,Good,5,1,24.05.07,2024-08-30 13:01:27,,
f1e5d348-ac0a-4b00-8bbf-9c71151e4b32,Sahalu Seife,https://play-lh.googleusercontent.com/a/ACg8ocKLFCNPHLW6iM09dgrchl4IPX0pygkE-DX95zPM7GWh9Wu5qg=mo,Apollo's,1,0,,2024-08-29 22:26:11,,
9ecfe32c-ca36-4390-b7c5-73b509e9eb02,Ezu Mudesir (Silence),https://play-lh.googleusercontent.com/a-/ALV-UjVasr0Wy0fR81Z5zJEQV5HPpT-e8bcJW8sAzbL1OQIUe3FooMq5,The worst experience ever,1,0,24.07.04,2024-08-29 17:17:17,,
b15b04c0-0c95-4ef7-bf69-1a458114f5db,Hussen Ali Umar,https://play-lh.googleusercontent.com/a/ACg8ocINL6HZLny0I5EXuDz7u68ZZhWaGgfSUvcxPyIO5VfEzWMsGw=mo,Hussenaliumar,5,1,24.07.04,2024-08-29 12:35:33,,
fbda0e53-962d-4824-a8f5-849c6d8f3d7e,Papa Wilson,https://play-lh.googleusercontent.com/a-/ALV-UjVBEWGwEZah6-6ijrZCTSiVgfzkrGG1dBugJ-qTP4i8dXrWb7dU,Good,3,0,24.07.04,2024-08-28 16:14:12,,
8d23e22a-989a-44bb-81bf-3f34c868d3de,Cakoma Soira,https://play-lh.googleusercontent.com/a-/ALV-UjWK1iSrRHm_slj7w66yYeO3xWhCiqvmsIu7yFJLpKx2Fojx090,Hi I have problem with this App BOA mobile I don't know what is wrong with this App I did many times download but it's sam doesn't work if sam like that this app way I have to be customer with them how I know my account and checking save The book is no Not enough alone,1,5,24.07.04,2024-08-28 06:35:38,,
a3d2eb8a-821b-4e7a-8811-13e76f876378,Yoseph Megebo,https://play-lh.googleusercontent.com/a-/ALV-UjWski1keEPFvMw4HuCKXsYg9lve24Xg7Mpqoq61g4yfq_q_25E,It is not work for my device,5,1,24.07.04,2024-08-27 18:21:28,,
8f57afa4-5ed4-4db7-ab84-7b52045fa94e,Alazar Solomon,https://play-lh.googleusercontent.com/a/ACg8ocIjk4OlrTo3aHptLtiGVwMdZM4LZO-nAywwPMIJJhfgIO9yKhE=mo,"I'm Sick and tiered of enabling and disabling Developer Option Everytime I use this app. maybe you know it maybe you dont, fix it please it's anoying",1,4,24.07.04,2024-08-26 14:15:02,,
a5c6ec4a-ac4e-4ab7-83dd-271c28d11492,Diborah Terefe,https://play-lh.googleusercontent.com/a-/ALV-UjVbO1p2DPmELkeyjdsrfDGLNWDbi0bCQ6vmliyicn4WP2sKtZc,The worst app ever,1,0,,2024-08-26 12:41:26,,
41bb6fe1-d75c-4f69-908e-cd1000cb6b98,Dani Ayalw,https://play-lh.googleusercontent.com/a/ACg8ocJqm0fY3CnP8gJdKmZo51azQfNUGMjr0ikHQnL0I--I5Iqwtw=mo,Good,5,1,24.07.04,2024-08-26 12:03:09,,
51aba586-a360-476f-8523-7772f8f56827,Bitanya Gebre,https://play-lh.googleusercontent.com/a/ACg8ocLUa5e3awiZgjMImUbGn_zzBWcbuh0OQzdOzDwA6L-cG08KzQ=mo,Betanya Gebre,3,0,24.07.04,2024-08-23 21:29:23,,
9fa13def-7ef1-4e33-bbd4-24d4a4c2c1b0,Semere Berehe,https://play-lh.googleusercontent.com/a-/ALV-UjVCN8h-FBpxJpbVKjFKb9gtTCtmqUC8bGGSbqcy3do-KOZm8Jmx,I dont recommand it to any one,1,0,,2024-08-23 11:05:36,,
73bf10cd-963e-4696-879a-442ec5a4081a,Zawdnash sisay,https://play-lh.googleusercontent.com/a/ACg8ocKhCtI3qBGyQA1OOzbexKqdqzpDfcgUXn7r4G5Ab_WFlROxEw=mo,Good,5,1,24.07.04,2024-08-22 09:00:42,,
1b043c6b-bf34-4b3b-a43b-a35d2613fb26,ephrem habtamu,https://play-lh.googleusercontent.com/a-/ALV-UjVOXFvZNlHDuuNV8_dZMu_bUghPXJzupjUS93wkG0QEn90LBho,Excellent app,5,1,,2024-08-21 13:20:16,,
13cb3aad-a536-447c-8e30-2d7eaedcf5e4,Amanuel Abiy,https://play-lh.googleusercontent.com/a/ACg8ocLf9RmNCoR23wUTrIe9j9RswWcnaK0nnG6_8rfO1JBVJBFawOq_=mo,"The application used to work well. But after updates I'm not able to use the forgot password feature, which is blocking me from accessing it as a whole.",1,9,24.07.04,2024-08-20 12:35:21,,
f6336b23-e16d-4639-8229-d2104fa01a34,Abdulmenan Kenzu,https://play-lh.googleusercontent.com/a-/ALV-UjU6Anl8w4bC6ssQvtZfGD03Hz-1QT2DHD6bIFCDWRnqBJQLqXIa,·âµ·à≠·àÉ·àµ,5,1,24.07.04,2024-08-19 18:58:10,,
8a23ca3d-01db-4da4-b5ad-6e6b510ca564,JIMI ‚ÄúJEMUSHIFA‚Äù jimi,https://play-lh.googleusercontent.com/a-/ALV-UjV_pY6Mfv0IkjMSqp90rQPHhfVEmYRSJIflVfUslP4uh2R8HsxM,Gio,4,0,,2024-08-19 13:12:51,,
e7724869-421f-4e36-be90-104ea76feb33,Jemal Sirmolo,https://play-lh.googleusercontent.com/a/ACg8ocI7z1LcDT_y_nxCzQC-qgSyDuVKhAShpSjJFk3qd215UKYw4dg=mo,App isn't working,1,0,24.07.04,2024-08-18 20:48:13,,
e8af57ac-dc4a-452b-9bc5-4787b61f6f04,Getachew Tadesse,https://play-lh.googleusercontent.com/a/ACg8ocIiBWPQt6ONjuBqTKW1DeRTd2c7tGimj7_kQrFLVju0CyOGmmA=mo,Best app,5,1,24.07.04,2024-08-18 20:19:44,,
7172704c-d6ab-4ee6-8c06-7e540a7d5fc7,Tesfaye Hulumyifer,https://play-lh.googleusercontent.com/a/ACg8ocLx7QyZz9gP9XylYParn_XW6acKWn8Ox8mwpiCP-ZubfhZOrw=mo,so far good but always it lugs,3,0,24.07.04,2024-08-17 19:16:57,,
fd6fe106-f83e-4e61-8f27-3555b7e5a227,Tito Hailu,https://play-lh.googleusercontent.com/a-/ALV-UjUBdVyVN-55uRP-63HX9giizXb3H2rzkb_fhe14VjpZ1h4AMzoH,Don't trust this bank and its service.,1,1,24.07.04,2024-08-16 14:31:36,,
bd90f06d-8e5d-498a-b0be-de5110c3c700,dereje tadesse haile,https://play-lh.googleusercontent.com/a/ACg8ocIoiuzv88t7AJC6l6Ki7ueTPcFj7S4I69FJ0AJudm8CvZrmWw=mo,"I can not open and use the application,please help me!",5,1,,2024-08-15 21:13:25,,
dd890ab7-af02-4efa-8e9e-33316a7160bd,Natnael Kumlachew,https://play-lh.googleusercontent.com/a/ACg8ocLzaIANGMLBEHGigadAK-IolHP1rWh93cGRXYiL2MKWMtS4a-M=mo,Horrible,1,0,24.07.04,2024-08-14 22:31:06,,
b9ddd42d-164a-41e5-b5cd-55dd14cfbd8c,Yonas Desalegn,https://play-lh.googleusercontent.com/a-/ALV-UjVQsoK1f0tLq3nCMTWuUqXPLFSC2W6IhCEArze9woBkzxPTRoo,Mostly not working üòë,1,0,24.07.04,2024-08-14 12:29:24,,
6dbac161-ee8d-451c-8474-f79f10705e4a,Tadese Amaha,https://play-lh.googleusercontent.com/a/ACg8ocI_7A8mh1sE3g2k9JCaL1OfF2SaopTGZDL7lHfs2SalAGcVNQ=mo,Good,5,1,24.07.04,2024-08-13 20:26:12,,
05a7adf0-3cd0-4f89-86da-35c241d648a4,Ifusha Let'sgo,https://play-lh.googleusercontent.com/a-/ALV-UjXZyNWv0M5g8uBOki30kwsMGfj8e5u2_v5sIs-iPGxYMJXDspgX,Awesome üëå,5,1,,2024-08-12 14:38:07,,
6e039674-a668-43a6-8d89-201a4c32000e,Haylemaryam Daget Tesfaye,https://play-lh.googleusercontent.com/a-/ALV-UjV1rzIwmItMa7-IywrCsSGOuBqSMo28gXiiVznqPQt5oZFVkump,"Despite the enhanced technology you have, the application doesn't work properly, and it asks for the developer option to be turned off, fix that.",3,22,24.07.04,2024-08-12 13:23:20,,
f2eec1d7-ae40-470e-b9f3-bd992ae32037,Bereket Kochito,https://play-lh.googleusercontent.com/a-/ALV-UjWVvuzpJVZMBP53kEi4FJ91YK0VtWe7hquXU0hQIm2A3rr5CSQ,Thank you,3,1,,2024-08-12 11:06:19,,
f3cb13b7-59a4-4910-8373-e7a7f3f9d1e9,zewde demsse,https://play-lh.googleusercontent.com/a-/ALV-UjUOgAIRM1l57yMXQdS051GzCwGQhRR-QIleOjYJqWwtd5UFu-8Y,Very poor app b/c highly slow to open the app,1,0,24.07.04,2024-08-12 07:56:44,,
68af9c89-56b9-4059-8112-23e5a03a7648,Sadam Mulugeta,https://play-lh.googleusercontent.com/a-/ALV-UjUYPqb6M1__mOBgj6KPQ__QWcVPd7knpuYDoga47i4rvP2RtTMi,Ok,5,1,,2024-08-12 03:46:06,,
a2b03cf9-f97f-487c-b55b-58acfe13b6ac,Abi 5252,https://play-lh.googleusercontent.com/a/ACg8ocK0GWsr8Ws8RNr4fAIYdUDxDgYjWa5KNojWwniZQ_lmSljiXQ=mo,best,1,0,,2024-08-12 02:34:06,,
0f22d859-973b-46a7-bf95-4e8e14affd35,zelalem abera,https://play-lh.googleusercontent.com/a/ACg8ocJWZId2YLoWsYyqkGjsBEoLjdYJEyUc9orIeACPi0q5hOUOsg=mo,Best app,5,1,24.07.04,2024-08-11 22:38:09,,
501db4c8-f14f-4810-9590-d4ab79be84a2,Letshtsgaye,https://play-lh.googleusercontent.com/a/ACg8ocJ7pR4PhdEgJU01QwVPOYIYnYLjd6nae5vvIezH61pFP_JF-w=mo,Wedi Tekle .,5,1,24.07.04,2024-08-11 16:13:14,,
91b3d4e5-b3c9-4de6-8bbd-99cfec87e3d0,Heenok Mekuria,https://play-lh.googleusercontent.com/a-/ALV-UjUFhHUhsFRF8FCfLtRS7ZbCpPzV9OwvonvdrLDYpPkYIs1liDOx,Bad appüì±üëéüëéüëé,1,0,24.07.04,2024-08-11 12:39:15,,
0893e704-f5b8-49d8-b12d-dd7e8924daa6,Dandi Terfasa,https://play-lh.googleusercontent.com/a-/ALV-UjUIy9911EmC8QuODtLxNALPRpZ8sPatT14pmcf9SAsghQN5XGc,Dura nan fayyadaman ture amma garuu naaf hojjechaa hin jiru maaf?,5,1,,2024-08-11 09:12:42,,
a7f22b9a-35a4-4bb9-ba49-badf18ba0243,one More,https://play-lh.googleusercontent.com/a-/ALV-UjU37-NTNAE4ForhSN8XASqzn8rq8Nw59IlyAT_76mT-fsVpKVlN,Nice appp,5,1,24.07.04,2024-08-11 07:23:42,,
aeea13da-3744-4721-95b1-60031b562393,Yonas Worku,https://play-lh.googleusercontent.com/a-/ALV-UjXjSeaNWTbvrb4QQXy7Q02Ow-HCOGXqQp4AmmxZQQFVqX985JQ,·à∞·àã·àù ·ä†·â¢·à≤·äí·ã´·ãé·âΩ ·ã®·àû·â£·ã≠·àç ·â£·äï·ä™·äï·åã·âΩ·àÅ ·â∞·å†·âÉ·àö ·äê·äù ·ä†·åà·àç·åç·àé·â±·äï ·àµ·àã·àµ·åÄ·àò·à´·âΩ·àÅ·àà·äï ·ä•·äì·àò·à∞·åç·äì·àà·äï·ç¢ ·äê·åà·à≠ ·åç·äï ·ä†·àà·çé ·ä†·àç·çé ·ã®·äê·â†·à®·ãç ·ã®·àõ·àµ·çà·äï·å†·à™·ã´·ãç ·â†·ä†·åç·â£·â° ·ä†·àà·àò·àµ·à´·âµ ·ä†·àç·çé ·ä†·àç·çé ·ãà·ã∞·àò·àµ·à´·âµ ·â∞·âÄ·ã≠·àØ·àç ·ãµ·àÆ ·ä•·äï·ã∞·äê·â†·à´·âΩ·àÅ ·ä•·äì·ãç·âÉ·àà·äï ·ãò·äï·ãµ·àÆ·àù ·â•·âµ·äñ·à©·àç·äï ·ä•·äï·àò·à≠·å£·àà·äï *·ä®·ãò·àò·äï ·ä†·äï·åâ·ã∞·àç*,3,0,,2024-08-10 18:31:56,,
ba879c5c-680b-4f62-867c-3f7e8fd1e694,Abdiqaadir Mohamed Abdi Gurey,https://play-lh.googleusercontent.com/a/ACg8ocIuDe0FlImlp-AfJyCnsBXdejx40Q8W7IypXPefJH3l37EVhu77=mo,Gooood app my dear,5,1,24.07.04,2024-08-10 02:59:07,,
88e2b5f6-040e-452a-9bad-a98caa89cd95,Harun Tamam,https://play-lh.googleusercontent.com/a/ACg8ocLiYsYTGkrIlcM76NQY0x5zxG7AdoCRrlA_QFbJXzKn70ibTw=mo,Harun tamam galanaa,3,0,24.07.04,2024-08-09 17:30:52,,
98b97eb6-5299-43f7-a372-45b0a486318b,Iyou,https://play-lh.googleusercontent.com/a-/ALV-UjXDBSDCeORC1YXBp9e0S1CkFJWFWf1XdfcYu0heV-s0AWrwwgCB,"A total disaster of an app. Always offline, never works, it's embarassing. I've lost hope and taken my business to a competitor",1,10,24.07.04,2024-08-08 15:31:00,,
7e4a7ccf-64df-4cbe-9a5b-f92e188de048,Kadija Kamal,https://play-lh.googleusercontent.com/a/ACg8ocLM2ErDTX81zwOmU50U5TOMA2hwPBYm-52Sacg7e3X3sQJcUg=mo,Gamebela,1,0,,2024-08-08 15:07:21,,
56402226-89f9-4f56-9761-e0dfeed5718b,Sura Sura,https://play-lh.googleusercontent.com/a/ACg8ocJ1KkXk4DL1SIeUvaC5BBceR7LRww6wI6Z4Mdzro8uYnv0I2g=mo,so poor app to use can't start up when open the app,1,0,24.07.04,2024-08-08 10:48:54,,
9151c064-a00f-4efc-ad7a-1f632401b194,Tefera Lingerew,https://play-lh.googleusercontent.com/a-/ALV-UjVXgF67-NT2ds0vvmv-24IfyPyUhBADJPQXQhHOnFBICNhA4go,"This app takes too long time to be opened. And even it is not working simply as other banks application. Why this app does not give a digital invoice. Even, I am not able to find where the screeshot is kept after transaction. So, please the developer should fix all these.",1,43,24.07.04,2024-08-07 16:34:52,,
0ca7af9c-8acd-4e40-a06e-c6e886e84b41,Nardos bekele,https://play-lh.googleusercontent.com/a-/ALV-UjX4yq1dtVVBqizRplOb-6_aUBkH8GbLpJqRDx7Rvr3oWWmJjs5D,Good job,5,1,,2024-08-07 13:56:13,,
85a692a1-c9ed-4525-a373-8756f3b9724a,Abdi Asres,https://play-lh.googleusercontent.com/a-/ALV-UjUH2SBM2b98Kr2QgExDGG3xnjJyJ0ed2Cwp4EjmhSKE3G4MhtNT,"Worst app ever, not user friendly, even doesn't serve basic functionality correctly, takes to much time to login and navigate through the app, we expected more from this bank",1,6,24.07.04,2024-08-07 13:03:34,,
a675a95c-617f-4cb3-9fe2-2ee0721daa04,Sened Ibrahim Sened,https://play-lh.googleusercontent.com/a-/ALV-UjXdSLdZw5jXBAif5JbhmiQbRik-7oA4v0sPWZG7RuPkqAWqc-S3,good,3,0,24.07.04,2024-08-07 11:50:31,,
03da81fe-f882-4c5f-ab9a-6fe98ff580c7,Alazar Paulos,https://play-lh.googleusercontent.com/a-/ALV-UjVjfEmXYgG1G6e8JEGtIAXly6c6wvh2nseFMWkmGQzDqStjWak,Good,5,1,24.07.04,2024-08-07 11:14:08,,
45b0b82d-0f4e-423c-b3d2-6241e89b24bb,Mejid Mohammedsalih,https://play-lh.googleusercontent.com/a/ACg8ocL4-13N39fMgD-BNfM9g9DD-9EaeEd2PLl5BFhwuVvi9-zy8w=mo,Bad app .,1,0,,2024-08-06 21:40:31,,
c22c687c-b43d-418d-bd9a-c534c12bdee4,Nathnael Legesse,https://play-lh.googleusercontent.com/a-/ALV-UjWnmkaBbj8Z1Naqvmq3HD-2j9jFEzNkrlkyYDYC_kELgtNHc2U,"I mean how could a big financial company like this, be this much irresponsible to release this app? You should be ashamed!",1,0,,2024-08-06 18:12:53,,
61776f16-8a06-4dee-bac3-c902ab447b13,Muktar Hasen Abdullahi,https://play-lh.googleusercontent.com/a-/ALV-UjXhZ1nLYOtLPwv-vOP7pIKJSmF1R-thGXMD4osIPrD-TDyxs6o,Review,5,1,24.07.04,2024-08-06 18:00:43,,
65f4e3f7-9ce6-409d-8f06-4479c3418d3f,Abebayehu Tilahun,https://play-lh.googleusercontent.com/a-/ALV-UjUeJRUqqlVt84bJ3L2wZfKMmFZJc51xLHOcxiO7KoMEFKbsliY3,Goood,4,0,24.07.04,2024-08-06 16:21:08,,
ff078b88-0b15-49b1-8222-9d9d6125bb1b,tsegaye demissie,https://play-lh.googleusercontent.com/a/ACg8ocJcv-9DI0kOLkw5RuvFpZEE1iQs2ulC99308aBgdoIoOKslfA=mo,Ok,5,1,,2024-08-06 15:33:00,,
5744dc68-9598-4762-9c1f-60d273f69ac1,Yared Mulat,https://play-lh.googleusercontent.com/a-/ALV-UjWI1wZ7H4ltBQwWTmfJ4AV8-iOOZFN0NKjMC0z679HvlCzSORo,üëéüëéüëéüëéüëéüëéüëéüëéüëé,1,0,24.07.04,2024-08-06 00:59:16,,
5af4e484-25a8-4612-a21f-78d14133c52d,Dani Man,https://play-lh.googleusercontent.com/a-/ALV-UjW8XSdmuC0kH8KNJm0KT01UvKuIDlS5xYNiaW7_9P0w-Q74DPXN,Is it necessary to switch off developer options every time to use mobile banking?ü§îü§îüò°üò°üò°,1,0,24.07.04,2024-08-04 13:53:44,,
d65cb095-4aad-44b5-ace2-de0e6be51444,kedre Abdela,https://play-lh.googleusercontent.com/a-/ALV-UjWGydxeo2g-ORr0-rrWUNZ2j-4en7uTUU4WNvtyPahJHkB6YHI,The previous version is better it doesn't work,1,0,24.07.04,2024-08-04 09:16:27,,
b42ad5f5-049c-49dc-a13c-39b7414793d0,Net3 MP,https://play-lh.googleusercontent.com/a/ACg8ocKWtkXRLXdwZ6w7Gar7V9w9rtXmtnjawICBUcptbO7L8uRlLA=mo,"I don't know what is wrong with BOA as a bank in general. It's been going backwards since last year or so. The app is a disaster to use in every possible way. Not stable to log in and very slow to perform transactions, couldn't take a screenshot (or can't even find the pictures even using its save screenshot option). Most of the time, it fails to perform transactions and so on. Simply, it's the worst!",1,547,24.07.04,2024-08-03 23:59:13,,
2cd82ede-9672-47f0-a5a3-e6be8ff6272b,surafel girma,https://play-lh.googleusercontent.com/a/ACg8ocIJmoHVavV3fP09GP7BFdV-mBkusXlNAybI1GfUZHvLig9dsQ=mo,ok,5,1,24.07.04,2024-08-03 22:37:02,,
7ba41a81-13df-47f6-b720-cb60da94d7e2,Fuad Yaya,https://play-lh.googleusercontent.com/a-/ALV-UjWA5_Hyiz_J9HTr3VUQuP4IZqFTULNTi3XgxYA0nggesdjvAJc,Nice,5,1,24.07.04,2024-08-03 11:16:43,,
612a0e01-ba70-498b-a331-e93ce6adfce0,·äì·âµ·äì AEL,https://play-lh.googleusercontent.com/a-/ALV-UjV4d3XJnIkrrQ_i0Q7ovdAPeGASTsKGujU_2Zmo13R2eqpx7tc,"Take some note from CBE mobile banking app, it's the best banking app currently take some note and improve ur app . Sometimes u have to learn from the bests üôå",1,1,24.07.04,2024-08-03 11:00:33,,
82ae5caf-3c2c-4de2-81fa-6753f32c22a6,GASHAW SISAY,https://play-lh.googleusercontent.com/a/ACg8ocKJGfqXklIc7aFFGospOryqcL0KKggSNoIyoJqGQARgklN9bA=mo,Great,5,1,24.07.04,2024-08-03 10:20:06,,
9813a786-cefe-4a1b-932e-e920944fadec,lulseged mam,https://play-lh.googleusercontent.com/a-/ALV-UjWyuUKzcV0dDr8rGFXVzzPiOu_amx1q0yJX0O4vM84ohfUKRHY,It's a useless app,1,1,,2024-08-02 09:54:12,,
95b8d5aa-aa79-40a8-b250-6bf68f7b9782,Temesgen Alemayehu,https://play-lh.googleusercontent.com/a/ACg8ocKYhMVFIt0Lq4yq54tiEqZklPofcqN2_RulfRYonybWcgVvHuY=mo,"It's not working as it was , so much need to improve, it was the best but not anymore",2,0,24.07.04,2024-08-01 19:04:25,,
2bf2f6fe-c408-4a46-9ca9-809df277d9e8,Esmael Seman,https://play-lh.googleusercontent.com/a/ACg8ocJDfWoZJr6Doc892jsyuuPhPtHs9XIyURiQo2cm9M2W6SELeQ=mo,Poor network,1,0,24.07.04,2024-08-01 08:48:09,,
03bcdbc8-adcf-4f5d-b155-1001f6debab5,habtemariam biset,https://play-lh.googleusercontent.com/a/ACg8ocJHleeemZfeKvqxbWWsEx0C05n8qZOVnrdQe-Pm7Ku-LUXp5Q=mo,Not yet completely working this App. i don't know when is it will be working properly! Its Sad!!!,1,1,24.07.04,2024-07-31 23:20:53,,
1d426479-7c59-42d4-b349-7bc3afaf374e,Nahom,https://play-lh.googleusercontent.com/a-/ALV-UjWcl1nkQR9PpIRPEcXLoNOjNuN83G-kaMLeWzaqzu4zKgy_MrSS,The app does not open sometimes it says coonection issue which i dont have and after it opens it has bugs while using its not smooth to work with please improve it,1,6,24.07.04,2024-07-31 15:03:12,,
be349d45-280d-4ecf-8d23-71c407bd38c6,Sabr Ali,https://play-lh.googleusercontent.com/a/ACg8ocKFVn2xJkJlbyZnhVnJdZkcrlhNNXjU7NGpdLXwMonrgolQ3Q=mo,"It's not working totally, what a useless app is it,",1,0,24.07.04,2024-07-31 13:54:39,,
758affdf-42d5-466d-a18e-4c4bbeb738fd,Yidnekachew Kedir,https://play-lh.googleusercontent.com/a-/ALV-UjXkTJe-om8DGHMuG5aIcdSPkFAQcbAyehIQQOvred0TNwNrjPJG9Q,"This app has become the most troubling every day. It doesn't work. I love the bank, and I hate the app",1,2,24.07.04,2024-07-31 09:01:07,,
14bb95be-0bf2-43a7-8757-a4a82eeddd80,SEMIR Ibrahim,https://play-lh.googleusercontent.com/a-/ALV-UjXeEIZbRqHE43UA72M2nLQm9mS47KGUoL3Eo7GNmzYXhHhwKkg,this is so disappointing app üòû,1,0,24.07.04,2024-07-31 00:37:56,,
4e9b8da6-1754-42e0-ae35-531e8a757183,Zeyba Zikra,https://play-lh.googleusercontent.com/a/ACg8ocJ_FtzPbOVWQjFFyv71KXj5Y1ns-uOx50rZGwJSP6uEOz8ltQ=mo,·ä†·â¢·àµ·äí·ã´ ·ã®·àÅ·àâ·àù ·àù·à≠·å´,5,1,,2024-07-29 17:48:26,,
771835f0-e14b-4290-a792-8c579399faee,Nanesso Gemechu,https://play-lh.googleusercontent.com/a-/ALV-UjUWCneccPWp08o0chgHmeBU6siBFvqjVfCIH9sQ85bOTMctOoyM,Ok,5,1,24.07.04,2024-07-29 10:47:11,,
afb68110-3c87-47e8-9fa4-f6cff18e67ea,Selhadin Jafer,https://play-lh.googleusercontent.com/a/ACg8ocK2vnqrJCl-OsIdLGKuT1at9YdZMr2jL47X8CIRPfAkZxux9w=mo,Nays,5,1,,2024-07-28 20:19:24,,
3caf7a29-584d-4d26-b615-ed88a0be9da6,Kalkidan mehari,https://play-lh.googleusercontent.com/a/ACg8ocKxDbF0lxciapTwj8fVTdTDtufQ3DMhPlgQpq9CQ9TYZNof-w=mo,The worst app,1,0,24.07.04,2024-07-28 18:35:54,,
e960ae7a-6e14-47e3-83d2-2d9b3f666a01,Oumer Kassaw,https://play-lh.googleusercontent.com/a-/ALV-UjUsPWa3TkhoOsmWJTqHBJLRSegA7gKqgpOTCjUnC1rIiLaso3mC,it can't even open and only display error messages,1,1,24.07.04,2024-07-27 21:01:32,,
76284991-7522-4b59-8bec-ac7afb9b54f0,Kamil Hassen,https://play-lh.googleusercontent.com/a-/ALV-UjWBYm235NFlb1rrWfIzE4gk_E00viVEc076xC8kT7KOCVxUYOE,not active,1,0,24.07.04,2024-07-27 15:39:42,,
5b46e22e-c7a6-4a66-bd2c-5976bd9a46f9,Mesay Sahil,https://play-lh.googleusercontent.com/a/ACg8ocLlFSBvhBI6dXPJ0APnZLITJ-THG79drW8k3yM8e8MICUObVQ=mo,To get good quality,5,1,24.07.04,2024-07-27 09:22:10,,
012b929b-0cb1-4f2e-89c3-cae3fcc4b2d3,Abrham Temesgen,https://play-lh.googleusercontent.com/a/ACg8ocImrIjuF9tZeMA1YbD7PTQKypUid-PhP1v6HLwREb0WzdoXqQ=mo,·ä†·ã≠·à∞·à´·àù ·ä•·äÆ ·àù·äï·ãµ·äï ·äê·ãç ·âΩ·åç·à©?,1,0,,2024-07-26 11:36:44,,
a185087f-8a27-444a-8646-23f7ab69b205,Belete Arega,https://play-lh.googleusercontent.com/a-/ALV-UjXE1pY0vUd5KaUlPT3kDwkHmJ_CuZTU9RtDbQ-WdFkNLqJ8fPo,uselss app dont download,1,0,24.07.04,2024-07-26 11:36:14,,
c8c1d8d1-5304-4e81-a052-f7437a7b341e,Johnny Solomon,https://play-lh.googleusercontent.com/a-/ALV-UjWhrxM3J0wIO8gUOUh5-hNOEF1Dhvw4yIbVJOC-YeLS7vmn5Sbf,"Is this app fake i try it not working it say please try again later, unable to make transactions what is the purpose of this app . If it is not working delete it",1,0,,2024-07-25 23:24:26,,
06f1e24f-10fc-461b-862c-180fb9acf4f4,Seifu Mekonnen,https://play-lh.googleusercontent.com/a-/ALV-UjVJZErJZJpkio2J_KmBmJH55n4GcohgXUoggoI-8qtwdJWHPSYG,"This app didn't work. They have a new version (new app) but still not compatible with my Samsung S8+ , which is v.funny.",1,0,,2024-07-25 12:35:54,,
b209e7d6-5e6b-41ca-9658-be1a2a635ccc,Abebe Ebistie,https://play-lh.googleusercontent.com/a/ACg8ocJyfYr6vFtqq3RVeHtd4WxmjvrYKkNbfJH1_f6BaRBVRIt2uA=mo,Corrupted and poor app,1,0,24.07.04,2024-07-24 18:58:27,,
39a442aa-c19f-46d0-96f4-fa8efcc622a2,Bizunesh Bedada,https://play-lh.googleusercontent.com/a-/ALV-UjUhVA7y2uHDlfxcBsA5TpT1m6VwdfDL6Ar4ilr-EdL23sk_4_cTIg,Good,1,0,24.07.04,2024-07-24 11:51:19,,
1920d8a2-4e03-4818-8a69-7c17c565ae75,Lulawit Abreham Tsegaye,https://play-lh.googleusercontent.com/a-/ALV-UjWK1DwFR8kkLvGkwOPa7OLbvP91L74DYSETzdRrh9SVv7K4r4cY,When I try to use the application it says 'developer setting should be off' where is the setting to off this play Still doesn't work for me,3,1,24.04.26,2024-07-24 10:27:07,,
a8eadd54-7005-491c-ae8a-126d371abc3b,Shiferaw Teka,https://play-lh.googleusercontent.com/a-/ALV-UjU6deiFe3vTdtsxEmyxLpPV8mm57eKWOap_0AmoDjKiIFE8mPMv,Nice,5,1,24.07.04,2024-07-24 09:54:06,,
d013e7a7-f3ca-47ec-a3e9-84c741e47b7a,tewodros fekadu,https://play-lh.googleusercontent.com/a/ACg8ocIrrQulTFmphV6zfFjnakFwL6AC_iJbCP9zFXuJVvqTnrmPoQ=mo,FIX YOUR Apollo!! You guys where the best üëå,1,0,,2024-07-23 23:29:08,,
d3a4d1b9-9b82-4760-bd5d-ae4fd3232750,Selamawit Belete,https://play-lh.googleusercontent.com/a/ACg8ocJgpuE3x07oV9et8x2MzIyWG4k3rlchwItKb-po6TeOMrukKg=mo,Always slow and doesn't work on weekends if you are in a rush or a merchant this app is not for you,1,0,,2024-07-23 18:53:32,,
ec8fcf0d-19d7-446f-bd1e-907f91a67b49,mulualem chekol,https://play-lh.googleusercontent.com/a-/ALV-UjVgcZrHDKzy17oxgt_-o6x9HyZzXWxnym7ThDSNB2FI_0_915o,"It's very difficult to use the user, app,ones dawenload the user can't operate well , no one can help me,",1,0,,2024-07-23 18:36:47,,
f9d522b2-ef61-43ea-bdff-9ccf70b88498,alnur aliyo,https://play-lh.googleusercontent.com/a/ACg8ocJtNec_FhZzYkdiwpTCDk3u9YsLYkxdNoa2E3NoAN4tXZq55g=mo,Poor application. It turned off by itself,1,0,24.07.04,2024-07-23 16:06:20,,
22a3c388-07da-4c4b-bfb4-4cfc882733f0,Mikiale dres,https://play-lh.googleusercontent.com/a/ACg8ocJNAw6NGkm6kNgaTOHKDT9hVJquJL4BLSy8VVpAOQYuRNzhVA=mo,Okay,5,1,24.07.04,2024-07-23 15:54:10,,
df2b9872-e717-4164-bd3e-0ba791f913f2,BILATU TENKIR,https://play-lh.googleusercontent.com/a/ACg8ocL-pOhscszVputS4nbkEyJQNl9NvV2lHHhZg4bJGN_d9O06pcrq=mo,Allowed,5,1,24.07.04,2024-07-23 15:41:00,,
b6e1b58d-d5d6-4134-b837-32c4833850ae,Semeab Seyoum,https://play-lh.googleusercontent.com/a-/ALV-UjWG_xyZ84zCN62EY2LfqjmJneZzMb6YBRUrQIUdleypkVKhink,It usually crashes and the reason it gives is a problem on internet connection although the internet was fine.,1,4,24.07.04,2024-07-23 10:35:15,,
3c4112db-f5c6-4d6c-9df2-de29043c5c14,Mwaniki feny,https://play-lh.googleusercontent.com/a/ACg8ocKlnDca32KU-TWm8pS-a2c7Zf-rO9uSOtqcyHY0VJcLv4LLXg=mo,we want international mobile banking,1,0,,2024-07-22 23:31:31,,
01c3d316-3dbc-4e5c-9a71-8ed4fecc7233,Aymen Seid,https://play-lh.googleusercontent.com/a/ACg8ocKUtMdgcN-WXa4A0RT_2pslS4kplgT61gQOjg018ROgqYKrfro=mo,"screenshot isn't working, Please modify it",2,0,24.07.04,2024-07-22 17:38:15,,
ac10c99a-bbe4-4a0c-92c3-14e312356969,Nazret Measho,https://play-lh.googleusercontent.com/a/ACg8ocLKFhJTqnRKxnW3IfQmUYay3BSytv1B5AqNjDAuf9hfX3lL1Q=mo,Naziriet measho 89160437,1,0,24.07.04,2024-07-22 00:45:21,,
55a9b559-0322-409d-9973-ebd1f7b5595b,Ahmed Mohamed husen,https://play-lh.googleusercontent.com/a/ACg8ocJlHSAiNzdEIQ6jcMpBGm06YjKjwcYtnO0hJVoDMJFBRFmQBg=mo,Ahmed Mohammed husen,3,0,24.07.04,2024-07-21 19:33:55,,
0b4b949e-9c50-4262-9b4a-fcdd563921ea,Srgut,https://play-lh.googleusercontent.com/a/ACg8ocL7USU9yy4OnDv4Xib1tNivRnAgc5pb1YJ9NmsbA7wCdsJzMg=mo,Is not working both this one and apollo did u make it better pls am gonne stop using this bank because of the mobile banking,1,0,24.07.04,2024-07-19 22:15:38,,
e090fd59-6274-4827-8c79-644c6a1f5c73,Brave Man,https://play-lh.googleusercontent.com/a/ACg8ocLoVqJoclB89kse5vyHssd-4N8pnWCtzR4q6yVm1v1qXFhswQ=mo,I have experiance,5,1,24.07.04,2024-07-19 22:12:05,,
481a1e89-df8b-43d4-9bf7-aa4a5cd196f5,Nebil Ahmed,https://play-lh.googleusercontent.com/a-/ALV-UjWPze-fCUFDlfwnzVuJLTgkflRsFOaEM-SUC_IviXDzxxkFtoBu,The App is not working on Android 9.1 at all. It shows an error notification and forcefully closes the app. Must be fixed ASAP.,1,23,24.07.04,2024-07-19 18:36:11,,
847c4660-1018-4794-9e36-4b361438b6fd,Zemen Kebede,https://play-lh.googleusercontent.com/a/ACg8ocIHUNDJ8ALfqmbHNNL5a2P4rI5wrFJrZW7JhZm_NTvOnYdQ_Q=mo,Wow,5,1,,2024-07-19 16:21:51,,
2a2d15cb-06ba-425c-a417-2f020e552505,negus _,https://play-lh.googleusercontent.com/a-/ALV-UjXLPJdXaz9jbH-x0d_TxdwjTuGLTcSe_YKP-jrR4MqKPnK09WlDCA,Crashes very frequently is not stable overall need improvement such a huge bank needs a better app than the current one,1,1,24.05.07,2024-07-19 09:35:32,,
a6914442-d04b-4b79-bf2e-362f73c09160,·â∞·àò·à•·åà·äï ·àù·âµ·ä©,https://play-lh.googleusercontent.com/a-/ALV-UjVyZV_7yr9MpXXxJT7CwO3sbYPvxQVgewZ14vFEm69AGGVCjKc,·à≠·ã≠·à≠·çç,3,0,24.02.07,2024-07-19 08:11:01,,
d7ee5d77-4c89-4e81-a79d-000f5e23c3ac,eyob mikire,https://play-lh.googleusercontent.com/a-/ALV-UjVwCAq9JmfvZHDOUtElwdWfUab16a4ph9K3rnhTtMX2Q7uTe1Kh,The previous application is much better than this one,1,0,24.07.04,2024-07-18 17:40:55,,
29aa3b3c-e4c7-41c7-bbb1-5d514633c307,Hailemichael Melaku,https://play-lh.googleusercontent.com/a-/ALV-UjVLtQqWDuL3TupYfjdpfhBm_tKhtXMO3bogo6dpU-czHrNXiPk,"Worst app. It is wise to invest money and you can make it like CBE app. Even the incon has no image. My app has better UI than yours. So, please invest more and hire professional developer companies and improve it.",1,0,,2024-07-18 11:45:25,,
f7d047c8-6354-4ab4-8960-83463815f833,Maxamud Roble,https://play-lh.googleusercontent.com/a-/ALV-UjWSpeAJOrVGBn7gpGQIVqt3JXJn6BNzeGpdDYRrX80CCiLqE7RS,mal,5,1,24.07.04,2024-07-16 23:55:56,,
b1ec9a7a-5962-45c7-ac3a-0043f8a96f9e,Mariyam Amalaje,https://play-lh.googleusercontent.com/a/ACg8ocKs23E6dmwAZN5ZEHa1d7OQD-HWlfCl2GMTW8I3GsVgGWO02g=mo,It is not working at all,1,0,24.07.04,2024-07-16 20:29:37,,
37ed81e2-a945-49be-b1fb-0527a4f8a21d,bekri Emam,https://play-lh.googleusercontent.com/a-/ALV-UjUdga9B5FaRQ_ZmLbU5QH-6Wyk5dP4Ti4n0XOVatGMsO4GNL7Sa,Excellent,5,1,24.07.04,2024-07-16 19:57:45,,
95a7177d-a323-4a17-98ad-9f94ea147686,Israel Tsegaye,https://play-lh.googleusercontent.com/a-/ALV-UjW7VCbCaPdh0FAZTf7hAibc3ZwpLQZlPSDvyXQzZOdhT14KkQZ1,The poorest mobile banking survice ever. Only error reports frequently,1,0,24.07.04,2024-07-16 16:37:32,,
4a6a938a-e74a-4e00-81f8-76c8b093f4d3,Ephrem Hagos,https://play-lh.googleusercontent.com/a/ACg8ocLAUlJMuPVeDDhh_3BOHI2c80Tg4gcX4NNcZxgaHUYuCdtSOA=mo,Wow,5,1,24.07.04,2024-07-16 13:01:39,,
e40abcb7-e431-4333-92ad-ef90b6cb11cb,Addis Alem,https://play-lh.googleusercontent.com/a-/ALV-UjW9mJjVz8PB2PrlA9EbchJR0zbyzoSkB9-TccHsBjQ2eewMBuGK,üòûüòûüòûüòû,1,0,24.07.04,2024-07-16 00:13:22,,
